System Idle Process,0,0,1537023627.0,NT AUTHORITY\SYSTEM,running,353716280,0,0,8,0.0,337641.953125,8192,53248,604.8
System,4,0,1537023627.0,NT AUTHORITY\SYSTEM,running,71794568,0,4687,217,0.0,4576.484375,8310784,221184,0.0
hidfind.exe,388,8060,1537228666.0,DESKTOP-39FUUM0\Usuario,running,186,0,79,1,0.0,0.03125,5087232,1474560,0.0
nvcontainer.exe,444,4672,1537228659.0,DESKTOP-39FUUM0\Usuario,running,13105,0,406,24,2.4375,2.4375,18403328,20865024,0.0
OneDrive.exe,964,5904,1537228705.0,DESKTOP-39FUUM0\Usuario,running,41978,0,772,24,24.03125,29.9375,45355008,96284672,0.0
RuntimeBroker.exe,1084,684,1537228683.0,DESKTOP-39FUUM0\Usuario,running,197,0,282,2,0.453125,0.46875,13914112,5406720,0.0
angularide.exe,1888,5904,1537236304.0,DESKTOP-39FUUM0\Usuario,running,57383,0,483,38,14.328125,2.03125,24883200,381612032,0.0
RuntimeBroker.exe,2532,684,1537228982.0,DESKTOP-39FUUM0\Usuario,running,196,0,157,3,0.125,0.1875,15798272,4612096,0.0
dllhost.exe,2536,684,1537233537.0,DESKTOP-39FUUM0\Usuario,running,408,0,158,4,0.09375,0.15625,9629696,2195456,0.0
chrome.exe,2680,14208,1537228715.0,DESKTOP-39FUUM0\Usuario,running,37643,0,284,18,1.875,0.3125,38256640,59899904,0.0
conhost.exe,2852,7840,1537237442.0,DESKTOP-39FUUM0\Usuario,running,45,0,112,3,0.03125,0.015625,10153984,5812224,0.0
ApplicationFrameHost.exe,2880,684,1537232813.0,DESKTOP-39FUUM0\Usuario,running,48,0,238,1,0.234375,0.34375,20942848,5476352,0.0
Spotify.exe,2900,4992,1537228995.0,DESKTOP-39FUUM0\Usuario,running,353371,0,1245,64,10.109375,11.34375,66752512,79065088,0.0
SbieCtrl.exe,4776,5904,1537228707.0,DESKTOP-39FUUM0\Usuario,running,510152,0,228,4,0.203125,0.53125,14495744,4149248,0.0
taskhostw.exe,5048,2156,1537228659.0,DESKTOP-39FUUM0\Usuario,running,3179,0,305,9,0.21875,0.390625,16777216,6762496,0.0
MSASCuiL.exe,5556,5904,1537228697.0,DESKTOP-39FUUM0\Usuario,running,313,0,147,1,0.046875,0.078125,8060928,2224128,0.0
angularide.exe,5632,5904,1537236773.0,DESKTOP-39FUUM0\Usuario,running,260591,0,1102,77,120.140625,54.421875,609239040,650674176,0.0
explorer.exe,5904,15516,1537228663.0,DESKTOP-39FUUM0\Usuario,running,931808,0,3246,127,27.828125,67.9375,151957504,77697024,0.0
chrome.exe,6036,14208,1537228715.0,DESKTOP-39FUUM0\Usuario,running,30628,0,278,17,0.671875,0.28125,29171712,25362432,0.0
chrome.exe,6512,14208,1537228708.0,DESKTOP-39FUUM0\Usuario,running,1260,0,239,7,0.09375,0.09375,7811072,2658304,0.0
svchost.exe,6592,932,1537228779.0,DESKTOP-39FUUM0\Usuario,running,339,0,483,4,0.28125,0.453125,18108416,5906432,0.0
python.exe,6620,9144,1537237981.0,DESKTOP-39FUUM0\Usuario,running,270,0,161,2,0.09375,1.625,14594048,8368128,104.2
SearchUI.exe,6860,684,1537228679.0,DESKTOP-39FUUM0\Usuario,stopped,7973,0,1048,37,2.34375,2.359375,77934592,65355776,0.0
RuntimeBroker.exe,6876,684,1537228688.0,DESKTOP-39FUUM0\Usuario,running,577,0,463,6,1.40625,2.078125,26185728,7528448,0.0
svchost.exe,6892,932,1537228659.0,DESKTOP-39FUUM0\Usuario,running,16111,0,409,13,3.0625,1.34375,22401024,9637888,0.0
RAVBg64.exe,6976,5904,1537228702.0,DESKTOP-39FUUM0\Usuario,running,1802,0,284,4,0.03125,0.078125,10084352,6246400,0.0
AVGUI.exe,7228,15004,1537228747.0,DESKTOP-39FUUM0\Usuario,running,818346,0,1478,59,23.546875,19.21875,51589120,25686016,0.0
chrome.exe,7404,14208,1537234159.0,DESKTOP-39FUUM0\Usuario,running,3439114,0,408,25,1099.484375,30.265625,339025920,325234688,0.0
chrome.exe,7492,14208,1537237190.0,DESKTOP-39FUUM0\Usuario,running,7063,0,302,19,1.0,0.25,71966720,53559296,0.0
Spotify.exe,7600,2900,1537229004.0,DESKTOP-39FUUM0\Usuario,running,47246,0,513,36,0.75,1.03125,62357504,98942976,0.0
NVIDIA Share.exe,7656,15012,1537229100.0,DESKTOP-39FUUM0\Usuario,running,32588,0,314,17,3.25,0.640625,53997568,70250496,0.0
node.exe,7840,5632,1537237442.0,DESKTOP-39FUUM0\Usuario,running,6608,0,138,7,7.953125,2.9375,322801664,319942656,0.0
jusched.exe,7908,13820,1537228996.0,DESKTOP-39FUUM0\Usuario,running,33,0,148,1,0.046875,0.03125,6520832,1699840,0.0
RAVBg64.exe,7920,5904,1537228702.0,DESKTOP-39FUUM0\Usuario,running,2802,0,285,4,0.046875,0.078125,10137600,6270976,0.0
Apoint.exe,8060,4636,1537228656.0,DESKTOP-39FUUM0\Usuario,running,285708,0,269,3,0.40625,1.75,13508608,3649536,0.0
chrome.exe,8080,14208,1537237924.0,DESKTOP-39FUUM0\Usuario,running,29839,0,359,26,8.15625,0.65625,190304256,159223808,0.0
RuntimeBroker.exe,8152,684,1537237679.0,DESKTOP-39FUUM0\Usuario,running,263,0,133,4,0.015625,0.078125,8081408,2154496,0.0
nvcontainer.exe,8244,4672,1537228659.0,DESKTOP-39FUUM0\Usuario,running,197735,0,309,10,0.328125,0.546875,21532672,7110656,0.0
chrome.exe,8300,14208,1537228715.0,DESKTOP-39FUUM0\Usuario,running,55045,0,284,17,5.359375,0.796875,55595008,58089472,0.0
HxTsr.exe,8492,684,1537237664.0,DESKTOP-39FUUM0\Usuario,running,1213,0,302,12,0.03125,0.234375,19419136,5730304,0.0
chrome.exe,8784,14208,1537228710.0,DESKTOP-39FUUM0\Usuario,running,312,0,144,2,0.046875,0.015625,8253440,2572288,0.0
Spotify.exe,8920,2900,1537229012.0,DESKTOP-39FUUM0\Usuario,running,222462,0,442,41,82.9375,5.359375,100564992,127430656,0.0
py.exe,9144,5904,1537237980.0,DESKTOP-39FUUM0\Usuario,running,73,0,130,2,0.0,0.046875,6402048,1802240,0.0
chrome.exe,9264,14208,1537228714.0,DESKTOP-39FUUM0\Usuario,running,91602,0,284,17,11.875,1.328125,65036288,55164928,0.0
SettingSyncHost.exe,10512,684,1537228687.0,DESKTOP-39FUUM0\Usuario,running,665,0,460,8,1.421875,2.46875,11747328,9105408,0.0
NVIDIA Share.exe,10872,15012,1537229100.0,DESKTOP-39FUUM0\Usuario,running,6559,0,403,12,0.25,0.359375,19517440,10076160,0.0
conhost.exe,11076,16132,1537228838.0,DESKTOP-39FUUM0\Usuario,running,2406,0,112,2,0.078125,0.03125,299008,5787648,0.0
sihost.exe,11128,1920,1537228659.0,DESKTOP-39FUUM0\Usuario,running,12485,0,613,12,1.6875,3.09375,34623488,10166272,0.0
chrome.exe,11428,14208,1537235465.0,DESKTOP-39FUUM0\Usuario,running,39420,0,337,18,8.75,1.28125,65683456,43253760,0.0
ONENOTEM.EXE,11612,5904,1537228996.0,DESKTOP-39FUUM0\Usuario,running,610,0,172,2,0.015625,0.125,1978368,2670592,0.0
conhost.exe,11624,13940,1537237440.0,DESKTOP-39FUUM0\Usuario,running,20,0,112,3,0.0,0.03125,10162176,5840896,0.0
Spotify.exe,11792,2900,1537228999.0,DESKTOP-39FUUM0\Usuario,running,37098,0,317,30,0.296875,0.1875,14041088,32931840,0.0
RAVCpl64.exe,11984,5904,1537228699.0,DESKTOP-39FUUM0\Usuario,running,1644,0,340,6,0.078125,0.15625,11128832,4460544,0.0
igfxEM.exe,12280,7968,1537228664.0,DESKTOP-39FUUM0\Usuario,running,532,0,192,3,0.03125,0.0625,10194944,3780608,0.0
chrome.exe,12492,14208,1537237925.0,DESKTOP-39FUUM0\Usuario,running,362,0,277,18,0.046875,0.09375,24997888,15454208,0.0
SkypeHost.exe,12500,684,1537228684.0,DESKTOP-39FUUM0\Usuario,stopped,5760,0,984,42,4.4375,2.640625,15572992,33411072,0.0
ApntEx.exe,12796,14732,1537228666.0,DESKTOP-39FUUM0\Usuario,running,14612,0,137,2,0.65625,2.328125,6385664,2048000,0.0
RAVBg64.exe,12840,5904,1537228701.0,DESKTOP-39FUUM0\Usuario,running,1821,0,286,4,0.015625,0.046875,10100736,6238208,0.0
svchost.exe,12860,932,1537236496.0,DESKTOP-39FUUM0\Usuario,running,839,0,421,6,0.375,0.328125,27922432,7249920,0.0
node.exe,13940,5632,1537237439.0,DESKTOP-39FUUM0\Usuario,running,793,0,136,7,0.453125,0.078125,60469248,57495552,0.0
chrome.exe,14208,5904,1537228705.0,DESKTOP-39FUUM0\Usuario,running,13351846,0,2315,43,814.546875,344.296875,260161536,290308096,0.0
ShellExperienceHost.exe,14532,684,1537228676.0,DESKTOP-39FUUM0\Usuario,stopped,12963,0,848,27,2.125,0.921875,59273216,31367168,0.0
conhost.exe,14552,12796,1537228666.0,DESKTOP-39FUUM0\Usuario,running,299,0,126,3,0.046875,0.0,6234112,6090752,0.0
vmware-tray.exe,14564,13820,1537228997.0,DESKTOP-39FUUM0\Usuario,running,745,0,190,3,0.03125,0.140625,9695232,2949120,0.0
eclipse-inst.exe,14664,13616,1537237396.0,DESKTOP-39FUUM0\Usuario,running,85646,0,1002,49,21.328125,3.546875,347660288,650723328,0.0
smartscreen.exe,14696,684,1537237979.0,DESKTOP-39FUUM0\Usuario,running,166,0,309,12,0.046875,0.03125,21221376,11902976,0.0
RuntimeBroker.exe,14956,684,1537228679.0,DESKTOP-39FUUM0\Usuario,running,292,0,327,4,0.625,0.6875,21454848,6676480,0.0
NVIDIA Share.exe,15012,8244,1537229093.0,DESKTOP-39FUUM0\Usuario,running,2172224,0,705,28,3.734375,5.484375,52744192,23732224,0.0
chrome.exe,15312,14208,1537228710.0,DESKTOP-39FUUM0\Usuario,running,2534121,0,593,22,738.890625,180.40625,190390272,212062208,0.0
chrome.exe,15816,14208,1537234275.0,DESKTOP-39FUUM0\Usuario,running,51664,0,287,18,28.296875,2.984375,208572416,212348928,0.0
vmware-unity-helper.exe,16008,16044,1537236103.0,DESKTOP-39FUUM0\Usuario,running,1527,0,262,4,0.0,0.109375,15577088,5148672,0.0
vmware.exe,16044,5904,1537236037.0,DESKTOP-39FUUM0\Usuario,running,140579,0,919,23,12.828125,14.203125,131620864,90664960,0.0
NVIDIA Web Helper.exe,16132,13100,1537228790.0,DESKTOP-39FUUM0\Usuario,running,64408,0,686,88,5.640625,3.875,2846720,38088704,0.0
conhost.exe,16236,9144,1537237981.0,DESKTOP-39FUUM0\Usuario,running,608,0,183,4,0.03125,0.046875,14331904,6488064,0.0
chrome.exe,16348,14208,1537237179.0,DESKTOP-39FUUM0\Usuario,running,11695,0,325,20,3.59375,0.359375,125018112,92917760,0.0
