System Idle Process,0,0,1537817650.0,NT AUTHORITY\SYSTEM,running,61532333,0,0,8,0.0,107571.84374999999,8192,53248,504.0
System,4,0,1537817650.0,NT AUTHORITY\SYSTEM,running,15958900,0,4512,204,0.0,718.3125,7438336,217088,0.0
Code.exe,172,11476,1537829831.0,DESKTOP-39FUUM0\Usuario,running,172484,0,282,13,21.4375,20.078125,103608320,111951872,0.0
conhost.exe,236,8968,1537830774.0,DESKTOP-39FUUM0\Usuario,running,66623,0,203,5,1.734375,3.78125,11558912,3694592,0.0
chrome.exe,420,8540,1537823279.0,DESKTOP-39FUUM0\Usuario,running,64061,0,304,16,1.796875,2.34375,44556288,62484480,0.0
Code.exe,720,11476,1537820362.0,DESKTOP-39FUUM0\Usuario,running,4675,0,254,5,0.6875,0.0625,18972672,63438848,0.0
chrome.exe,876,8540,1537829299.0,DESKTOP-39FUUM0\Usuario,running,12977,0,336,17,4.9375,0.515625,101539840,96051200,0.0
bash.exe,1112,7132,1537830005.0,DESKTOP-39FUUM0\Usuario,running,1130,0,158,3,0.078125,0.078125,6418432,6701056,0.0
conhost.exe,1124,5056,1537832455.0,DESKTOP-39FUUM0\Usuario,running,41,0,118,6,0.0,0.015625,10051584,5668864,0.0
chrome.exe,1196,8540,1537826072.0,DESKTOP-39FUUM0\Usuario,running,16670,0,336,17,5.734375,0.484375,57090048,114761728,0.0
git-bash.exe,1344,7648,1537830005.0,DESKTOP-39FUUM0\Usuario,running,8,0,103,1,0.0,0.015625,4628480,1634304,0.0
Code.exe,1384,172,1537829832.0,DESKTOP-39FUUM0\Usuario,running,80035,0,269,8,3.265625,22.734375,39833600,40730624,0.0
chrome.exe,1400,8540,1537832160.0,DESKTOP-39FUUM0\Usuario,running,249,0,271,16,0.046875,0.03125,23830528,15298560,0.0
conhost.exe,1524,6484,1537823519.0,DESKTOP-39FUUM0\Usuario,running,3041419,0,133,3,22.546875,6.578125,7495680,3846144,0.0
MSASCuiL.exe,1536,7704,1537817842.0,DESKTOP-39FUUM0\Usuario,running,1309,0,153,1,0.046875,0.046875,7913472,1974272,0.0
svchost.exe,1568,940,1537817794.0,DESKTOP-39FUUM0\Usuario,running,3048,0,535,16,2.390625,1.203125,32264192,8830976,0.0
chrome.exe,2276,8540,1537831427.0,DESKTOP-39FUUM0\Usuario,running,1822,0,322,17,0.78125,0.25,66347008,51580928,0.0
chrome.exe,2388,8540,1537824305.0,DESKTOP-39FUUM0\Usuario,running,32762,0,332,17,7.40625,0.78125,58609664,107061248,0.0
RuntimeBroker.exe,2944,456,1537817841.0,DESKTOP-39FUUM0\Usuario,running,486,0,206,2,0.078125,0.09375,10678272,2867200,0.0
electron.exe,3020,8348,1537832447.0,DESKTOP-39FUUM0\Usuario,running,3453,0,665,35,0.828125,0.734375,81563648,51081216,0.0
OfficeHubTaskHost.exe,3112,456,1537817827.0,DESKTOP-39FUUM0\Usuario,stopped,1335,0,511,14,0.46875,0.4375,21434368,7176192,0.0
chrome.exe,3480,8540,1537821262.0,DESKTOP-39FUUM0\Usuario,running,36952,0,326,17,6.0,0.875,53813248,85884928,0.0
powershell.exe,3496,6484,1537823519.0,DESKTOP-39FUUM0\Usuario,running,157181,0,492,10,0.71875,1.140625,53600256,67256320,0.0
taskhostw.exe,3724,1316,1537817795.0,DESKTOP-39FUUM0\Usuario,running,15018,0,315,9,0.78125,1.734375,15613952,6832128,0.0
chrome.exe,3848,8540,1537818284.0,DESKTOP-39FUUM0\Usuario,running,665389,0,665,16,126.078125,65.3125,192503808,245215232,0.0
SettingSyncHost.exe,4204,456,1537817831.0,DESKTOP-39FUUM0\Usuario,running,867,0,354,5,0.625,0.71875,3502080,6766592,0.0
Apoint.exe,4348,4716,1537817790.0,DESKTOP-39FUUM0\Usuario,running,1297772,0,317,3,9.84375,36.609375,13770752,3399680,0.0
node.exe,4408,7592,1537832443.0,DESKTOP-39FUUM0\Usuario,running,22435,0,197,16,2.515625,1.96875,81616896,70205440,0.0
nvcontainer.exe,4800,4652,1537817790.0,DESKTOP-39FUUM0\Usuario,running,24790,0,225,6,0.15625,0.1875,13905920,5976064,0.0
python.exe,5056,7908,1537832455.0,DESKTOP-39FUUM0\Usuario,running,318,0,172,5,0.109375,1.578125,14594048,8343552,104.2
sihost.exe,5144,1588,1537817791.0,DESKTOP-39FUUM0\Usuario,running,15166,0,493,11,2.484375,3.84375,23330816,6709248,0.0
chrome.exe,5160,8540,1537830879.0,DESKTOP-39FUUM0\Usuario,running,8404,0,381,17,3.34375,0.390625,125489152,95035392,0.0
python.exe,5640,12928,1537820311.0,DESKTOP-39FUUM0\Usuario,running,35456,0,241,8,5.921875,4.109375,22683648,281444352,0.0
nvcontainer.exe,5760,4652,1537817790.0,DESKTOP-39FUUM0\Usuario,running,20658,0,506,27,3.6875,6.375,25485312,26685440,0.0
Code.exe,5824,7684,1537820244.0,DESKTOP-39FUUM0\Usuario,running,2658181,0,699,34,791.90625,65.1875,306442240,376754176,0.0
Code.exe,6048,7684,1537817995.0,DESKTOP-39FUUM0\Usuario,running,1004120,0,513,11,176.671875,59.921875,196849664,265510912,0.0
winpty-agent.exe,6484,5824,1537823519.0,DESKTOP-39FUUM0\Usuario,running,3059416,0,123,1,2.265625,6.40625,5861376,3117056,0.0
svchost.exe,6492,940,1537817792.0,DESKTOP-39FUUM0\Usuario,running,31843,0,412,13,12.453125,3.15625,23015424,10076160,0.0
conhost.exe,6564,5640,1537820311.0,DESKTOP-39FUUM0\Usuario,running,24,0,118,2,0.0,0.015625,4804608,5607424,0.0
chrome.exe,6728,8540,1537818284.0,DESKTOP-39FUUM0\Usuario,running,19646,0,275,16,0.875,0.265625,28954624,24788992,0.0
hidfind.exe,6944,4348,1537817806.0,DESKTOP-39FUUM0\Usuario,running,714,0,85,1,0.015625,0.015625,4608000,1220608,0.0
Code.exe,7392,11476,1537821671.0,DESKTOP-39FUUM0\Usuario,running,4076,0,256,7,0.203125,0.140625,21020672,21254144,0.0
chrome.exe,7508,8540,1537820778.0,DESKTOP-39FUUM0\Usuario,running,83965,0,352,17,25.5625,2.34375,58650624,114003968,0.0
node.exe,7592,13244,1537832441.0,DESKTOP-39FUUM0\Usuario,running,360,0,192,12,0.53125,0.203125,33869824,26910720,0.0
explorer.exe,7648,10688,1537818117.0,DESKTOP-39FUUM0\Usuario,running,1602441,0,3255,126,64.25,102.46875,138215424,81883136,0.0
Code.exe,7684,7704,1537817885.0,DESKTOP-39FUUM0\Usuario,running,3115315,0,1109,41,164.921875,186.0625,90087424,51953664,0.0
ApntEx.exe,7816,4044,1537817806.0,DESKTOP-39FUUM0\Usuario,running,844831,0,143,2,30.96875,113.359375,6148096,1785856,0.0
conhost.exe,7884,7816,1537817806.0,DESKTOP-39FUUM0\Usuario,running,722,0,132,3,0.03125,0.0,5918720,5808128,0.0
electron.exe,7908,3020,1537832448.0,DESKTOP-39FUUM0\Usuario,running,950,0,411,25,0.546875,0.171875,72261632,56745984,0.0
chrome.exe,8064,8540,1537823072.0,DESKTOP-39FUUM0\Usuario,running,28303,0,363,17,5.421875,0.734375,56320000,101330944,0.0
chrome.exe,8120,8540,1537824691.0,DESKTOP-39FUUM0\Usuario,running,236795,0,333,17,19.734375,3.890625,84459520,213757952,0.0
Code.exe,8144,11476,1537820248.0,DESKTOP-39FUUM0\Usuario,running,19913,0,260,7,12.328125,5.640625,84279296,94568448,0.0
RuntimeBroker.exe,8244,456,1537817826.0,DESKTOP-39FUUM0\Usuario,running,7908,0,550,14,0.765625,1.109375,27410432,10924032,0.0
node.exe,8348,4408,1537832447.0,DESKTOP-39FUUM0\Usuario,running,164,0,189,12,0.09375,0.171875,21696512,11309056,0.0
CodeHelper.exe,8404,5824,1537820245.0,DESKTOP-39FUUM0\Usuario,running,53776,0,485,10,49.828125,4.09375,20545536,18157568,0.0
RuntimeBroker.exe,8476,456,1537817827.0,DESKTOP-39FUUM0\Usuario,running,1053,0,460,7,2.859375,4.265625,25190400,7630848,0.0
SkypeHost.exe,8496,456,1537817827.0,DESKTOP-39FUUM0\Usuario,stopped,3888,0,995,38,3.515625,2.140625,10067968,40120320,0.0
chrome.exe,8540,7648,1537818284.0,DESKTOP-39FUUM0\Usuario,running,2772161,0,2876,34,240.203125,140.796875,230834176,256770048,0.0
igfxEM.exe,8592,8416,1537817816.0,DESKTOP-39FUUM0\Usuario,running,1243,0,198,3,0.015625,0.125,10182656,3411968,0.0
RuntimeBroker.exe,8652,456,1537817816.0,DESKTOP-39FUUM0\Usuario,running,795,0,265,6,0.8125,0.59375,18841600,5541888,0.0
chrome.exe,8796,8540,1537818284.0,DESKTOP-39FUUM0\Usuario,running,31735,0,281,17,3.375,0.625,41893888,64647168,0.0
powershell.exe,8968,7648,1537830773.0,DESKTOP-39FUUM0\Usuario,running,9587,0,944,15,0.984375,0.78125,72790016,60645376,0.0
Code.exe,9024,11612,1537818048.0,DESKTOP-39FUUM0\Usuario,running,685,0,216,2,0.109375,0.015625,10403840,5783552,0.0
chrome.exe,9328,8540,1537831899.0,DESKTOP-39FUUM0\Usuario,running,3544,0,321,18,2.515625,0.34375,118767616,88875008,0.0
RAVCpl64.exe,9360,7704,1537817843.0,DESKTOP-39FUUM0\Usuario,running,4357,0,346,6,0.203125,0.1875,10870784,4136960,0.0
RAVBg64.exe,9368,7704,1537817844.0,DESKTOP-39FUUM0\Usuario,running,4356,0,292,4,0.03125,0.15625,9895936,6017024,0.0
conhost.exe,9376,8404,1537820245.0,DESKTOP-39FUUM0\Usuario,running,1007,0,118,2,0.0,0.015625,4939776,5566464,0.0
RAVBg64.exe,9496,7704,1537817845.0,DESKTOP-39FUUM0\Usuario,running,5741,0,291,4,0.046875,0.09375,9908224,6049792,0.0
RAVBg64.exe,9592,7704,1537817845.0,DESKTOP-39FUUM0\Usuario,running,4098,0,290,4,0.03125,0.125,9875456,6041600,0.0
OneDrive.exe,9656,7704,1537817847.0,DESKTOP-39FUUM0\Usuario,running,36783,0,794,25,89.53125,106.234375,115417088,90484736,0.0
AVGUI.exe,9776,9644,1537817852.0,DESKTOP-39FUUM0\Usuario,running,1207504,0,1436,62,31.53125,20.390625,49504256,25890816,0.0
svchost.exe,9788,940,1537817915.0,DESKTOP-39FUUM0\Usuario,running,1017,0,496,4,0.140625,0.296875,18153472,5730304,0.0
chrome.exe,9808,8540,1537818284.0,DESKTOP-39FUUM0\Usuario,running,97637,0,281,16,51.671875,4.34375,180781056,235732992,0.0
chrome.exe,9812,8540,1537831101.0,DESKTOP-39FUUM0\Usuario,running,12764,0,322,18,3.78125,0.296875,123609088,93868032,0.0
chrome.exe,9816,8540,1537824696.0,DESKTOP-39FUUM0\Usuario,running,9937,0,287,15,0.734375,0.28125,30019584,52617216,0.0
ONENOTEM.EXE,9860,7704,1537817855.0,DESKTOP-39FUUM0\Usuario,running,1816,0,178,2,0.0625,0.046875,2883584,2445312,0.0
jusched.exe,9992,9820,1537817857.0,DESKTOP-39FUUM0\Usuario,running,28,0,154,1,0.0,0.03125,6324224,1478656,0.0
vmware-tray.exe,10080,9820,1537817858.0,DESKTOP-39FUUM0\Usuario,running,861,0,196,3,0.015625,0.046875,9031680,2703360,0.0
chrome.exe,10096,8540,1537818284.0,DESKTOP-39FUUM0\Usuario,running,1487,0,144,2,0.015625,0.0,7868416,2289664,0.0
chrome.exe,10216,8540,1537818284.0,DESKTOP-39FUUM0\Usuario,running,1672,0,337,7,0.015625,0.046875,7516160,2457600,0.0
chrome.exe,10396,8540,1537820591.0,DESKTOP-39FUUM0\Usuario,running,42236,0,334,17,9.890625,1.34375,56274944,98406400,0.0
chrome.exe,10596,8540,1537831427.0,DESKTOP-39FUUM0\Usuario,running,6960,0,337,18,2.296875,0.484375,80187392,57196544,0.0
chrome.exe,10812,8540,1537824692.0,DESKTOP-39FUUM0\Usuario,running,8876,0,276,15,0.46875,0.109375,28225536,36392960,0.0
Code.exe,10960,5824,1537832251.0,DESKTOP-39FUUM0\Usuario,running,303,0,274,11,0.640625,0.265625,40615936,24858624,0.0
chrome.exe,11388,8540,1537823271.0,DESKTOP-39FUUM0\Usuario,running,73743,0,364,17,10.640625,1.546875,58376192,104574976,0.0
Code.exe,11476,5824,1537820246.0,DESKTOP-39FUUM0\Usuario,running,63535,0,429,13,22.140625,11.421875,74670080,76832768,0.0
chrome.exe,11496,8540,1537831106.0,DESKTOP-39FUUM0\Usuario,running,24531,0,305,17,1.96875,0.296875,84586496,68853760,0.0
Code.exe,11708,7684,1537818018.0,DESKTOP-39FUUM0\Usuario,running,2134583,0,396,24,76.203125,70.046875,61898752,73773056,0.0
conhost.exe,11996,12928,1537820311.0,DESKTOP-39FUUM0\Usuario,running,14,0,118,2,0.015625,0.0,4812800,5566464,0.0
svchost.exe,12036,940,1537824713.0,DESKTOP-39FUUM0\Usuario,running,55,0,128,3,0.0,0.046875,5750784,1597440,0.0
RuntimeBroker.exe,12056,456,1537818271.0,DESKTOP-39FUUM0\Usuario,running,380,0,175,3,0.078125,0.203125,15413248,4755456,0.0
chrome.exe,12272,8540,1537818284.0,DESKTOP-39FUUM0\Usuario,running,90204,0,281,16,14.1875,2.6875,49889280,62971904,0.0
mintty.exe,12304,1344,1537830005.0,DESKTOP-39FUUM0\Usuario,running,211805,0,305,6,0.5,1.25,14598144,8228864,0.0
conhost.exe,12448,9300,1537830005.0,DESKTOP-39FUUM0\Usuario,running,1890,0,133,3,0.03125,0.0625,6545408,5804032,0.0
Code.exe,12488,11476,1537820252.0,DESKTOP-39FUUM0\Usuario,running,4449,0,268,8,0.25,0.3125,21303296,21020672,0.0
dllhost.exe,12680,456,1537818627.0,DESKTOP-39FUUM0\Usuario,running,126,0,159,2,0.0625,0.140625,9506816,2244608,0.0
chrome.exe,12856,8540,1537818284.0,DESKTOP-39FUUM0\Usuario,running,204311,0,392,17,58.453125,5.890625,121720832,123027456,0.0
electron.exe,12884,3020,1537832448.0,DESKTOP-39FUUM0\Usuario,running,1411,0,488,18,0.3125,0.171875,66863104,48283648,0.0
python.exe,12928,11476,1537820311.0,DESKTOP-39FUUM0\Usuario,running,36223,0,132,1,37.09375,7.515625,37842944,226562048,0.0
ShellExperienceHost.exe,12964,456,1537818119.0,DESKTOP-39FUUM0\Usuario,stopped,16333,0,1253,39,2.953125,1.40625,66342912,38998016,0.0
SearchUI.exe,13144,456,1537818121.0,DESKTOP-39FUUM0\Usuario,stopped,14973,0,1221,46,3.625,2.46875,82579456,85479424,0.0
cmd.exe,13244,8968,1537832441.0,DESKTOP-39FUUM0\Usuario,running,31,0,46,4,0.0,0.0,3555328,5685248,0.0
chrome.exe,13264,8540,1537818284.0,DESKTOP-39FUUM0\Usuario,running,56602,0,278,15,7.84375,1.109375,53583872,47685632,0.0
