System Idle Process,0,0,1537023626.0,NT AUTHORITY\SYSTEM,running,390225055,0,0,8,0.0,364345.671875,8192,53248,604.8
System,4,0,1537023626.0,NT AUTHORITY\SYSTEM,running,80034285,0,5122,206,0.0,4943.59375,8486912,221184,57.3
hidfind.exe,388,8060,1537228666.0,DESKTOP-39FUUM0\Usuario,running,345,0,79,1,0.0,0.03125,5001216,1474560,0.0
chrome.exe,400,14208,1537241988.0,DESKTOP-39FUUM0\Usuario,running,123699,0,358,23,51.046875,2.15625,246263808,209899520,0.0
nvcontainer.exe,444,4672,1537228659.0,DESKTOP-39FUUM0\Usuario,running,18751,0,406,24,2.609375,3.015625,20082688,20639744,0.0
chrome.exe,536,14208,1537239652.0,DESKTOP-39FUUM0\Usuario,running,8752,0,292,17,0.3125,0.171875,30527488,41426944,0.0
chrome.exe,732,14208,1537239651.0,DESKTOP-39FUUM0\Usuario,running,27507,0,288,18,0.203125,0.1875,32653312,39084032,0.0
OneDrive.exe,964,5904,1537228705.0,DESKTOP-39FUUM0\Usuario,running,41343,0,771,24,24.15625,30.328125,45613056,96337920,0.0
RuntimeBroker.exe,1084,684,1537228683.0,DESKTOP-39FUUM0\Usuario,running,16491,0,558,25,2.1875,2.375,28667904,9162752,0.0
LimePro.exe,1504,5904,1537241450.0,DESKTOP-39FUUM0\Usuario,running,599481,0,773,32,3.640625,6.328125,150421504,131481600,0.0
chrome.exe,2188,14208,1537241962.0,DESKTOP-39FUUM0\Usuario,running,14754,0,327,19,3.734375,0.625,113217536,82673664,0.0
RuntimeBroker.exe,2532,684,1537228982.0,DESKTOP-39FUUM0\Usuario,running,272,0,157,3,0.125,0.1875,14909440,4612096,0.0
dllhost.exe,2536,684,1537233537.0,DESKTOP-39FUUM0\Usuario,running,259,0,195,6,0.109375,0.21875,10780672,3911680,0.0
chrome.exe,2680,14208,1537228715.0,DESKTOP-39FUUM0\Usuario,running,52539,0,284,18,2.734375,0.53125,39055360,63012864,0.0
ApplicationFrameHost.exe,2880,684,1537232813.0,DESKTOP-39FUUM0\Usuario,running,9816,0,366,12,0.65625,1.21875,42139648,13201408,0.0
Spotify.exe,2900,4992,1537228995.0,DESKTOP-39FUUM0\Usuario,running,504888,0,1249,65,11.546875,13.015625,63922176,79147008,0.0
chrome.exe,3772,14208,1537239676.0,DESKTOP-39FUUM0\Usuario,running,54840,0,375,19,17.890625,1.3125,70787072,116998144,0.0
chrome.exe,3816,14208,1537241705.0,DESKTOP-39FUUM0\Usuario,running,129881,0,394,23,50.421875,1.953125,117043200,80490496,0.0
SystemSettingsBroker.exe,4276,684,1537239480.0,DESKTOP-39FUUM0\Usuario,running,11080,0,382,22,0.28125,0.59375,19075072,5775360,0.0
SbieCtrl.exe,4776,5904,1537228707.0,DESKTOP-39FUUM0\Usuario,running,764679,0,235,6,0.390625,0.75,15781888,4128768,0.0
taskhostw.exe,5048,2156,1537228659.0,DESKTOP-39FUUM0\Usuario,running,10360,0,314,11,0.4375,1.03125,17272832,7643136,0.0
chrome.exe,5180,14208,1537239650.0,DESKTOP-39FUUM0\Usuario,running,5903,0,284,17,0.078125,0.125,20533248,19644416,0.0
MSASCuiL.exe,5556,5904,1537228697.0,DESKTOP-39FUUM0\Usuario,running,1633,0,208,2,0.078125,0.125,12165120,3162112,0.0
python.exe,5664,13588,1537242176.0,DESKTOP-39FUUM0\Usuario,running,2887,0,167,5,0.21875,3.109375,14823424,8691712,97.7
explorer.exe,5904,15516,1537228663.0,DESKTOP-39FUUM0\Usuario,running,2014955,0,3940,150,67.265625,130.578125,167243776,89882624,0.0
chrome.exe,6036,14208,1537228715.0,DESKTOP-39FUUM0\Usuario,running,45605,0,278,17,1.015625,0.3125,31690752,27447296,0.0
chrome.exe,6512,14208,1537228708.0,DESKTOP-39FUUM0\Usuario,running,2046,0,400,7,0.109375,0.140625,7782400,2686976,0.0
cmd.exe,6556,13836,1537241795.0,DESKTOP-39FUUM0\Usuario,running,21,0,57,1,0.0,0.015625,3514368,2301952,0.0
svchost.exe,6560,932,1537241204.0,DESKTOP-39FUUM0\Usuario,running,2807,0,531,24,1.125,0.46875,33144832,9441280,0.0
chrome.exe,6564,14208,1537242016.0,DESKTOP-39FUUM0\Usuario,running,816,0,277,18,0.09375,0.15625,24883200,15142912,0.0
svchost.exe,6592,932,1537228779.0,DESKTOP-39FUUM0\Usuario,running,377,0,482,4,0.28125,0.453125,18067456,5910528,0.0
smartscreen.exe,6616,684,1537241067.0,DESKTOP-39FUUM0\Usuario,running,3211,0,581,17,1.1875,0.640625,33792000,17248256,0.0
chrome.exe,6672,14208,1537240873.0,DESKTOP-39FUUM0\Usuario,running,329083,0,353,21,106.109375,3.578125,289714176,256602112,0.0
SearchUI.exe,6860,684,1537228679.0,DESKTOP-39FUUM0\Usuario,stopped,17479,0,1198,47,11.703125,7.875,145293312,90804224,0.0
RuntimeBroker.exe,6876,684,1537228688.0,DESKTOP-39FUUM0\Usuario,running,44429,0,557,8,9.015625,14.25,32534528,10805248,0.0
svchost.exe,6892,932,1537228659.0,DESKTOP-39FUUM0\Usuario,running,27313,0,407,13,8.59375,3.421875,22114304,9744384,0.0
chrome.exe,6968,14208,1537241664.0,DESKTOP-39FUUM0\Usuario,running,20257,0,334,20,5.0,0.625,125140992,93351936,0.0
RAVBg64.exe,6976,5904,1537228702.0,DESKTOP-39FUUM0\Usuario,running,2791,0,284,4,0.03125,0.09375,10412032,6246400,0.0
vghd.exe,7120,12108,1537241932.0,DESKTOP-39FUUM0\Usuario,running,597053,0,619,34,17.421875,17.25,211746816,209866752,48.8
AVGUI.exe,7228,15004,1537228747.0,DESKTOP-39FUUM0\Usuario,running,1353081,0,1500,57,35.984375,30.65625,53190656,26812416,0.0
chrome.exe,7404,14208,1537234159.0,DESKTOP-39FUUM0\Usuario,running,4638993,0,382,21,1484.890625,40.171875,96759808,330747904,0.0
chrome.exe,7476,14208,1537241772.0,DESKTOP-39FUUM0\Usuario,running,73057,0,380,26,8.90625,0.984375,83488768,56451072,0.0
conhost.exe,7552,13588,1537242176.0,DESKTOP-39FUUM0\Usuario,running,1370,0,189,7,0.03125,0.125,14290944,6356992,0.0
chrome.exe,7596,14208,1537239582.0,DESKTOP-39FUUM0\Usuario,running,15247,0,329,18,3.25,0.3125,52981760,79421440,0.0
Spotify.exe,7600,2900,1537229004.0,DESKTOP-39FUUM0\Usuario,running,68335,0,512,36,0.78125,1.078125,34697216,93335552,0.0
NVIDIA Share.exe,7656,15012,1537229100.0,DESKTOP-39FUUM0\Usuario,running,45828,0,317,18,3.671875,0.796875,45260800,55140352,0.0
chrome.exe,7716,14208,1537239647.0,DESKTOP-39FUUM0\Usuario,running,13053,0,337,18,2.21875,0.34375,48193536,61501440,0.0
chrome.exe,7816,14208,1537241784.0,DESKTOP-39FUUM0\Usuario,running,2935,0,296,18,0.234375,0.21875,37490688,22863872,0.0
jusched.exe,7908,13820,1537228996.0,DESKTOP-39FUUM0\Usuario,running,33,0,148,1,0.046875,0.03125,6414336,1699840,0.0
RAVBg64.exe,7920,5904,1537228702.0,DESKTOP-39FUUM0\Usuario,running,4267,0,285,4,0.046875,0.078125,10457088,6270976,0.0
Apoint.exe,8060,4636,1537228656.0,DESKTOP-39FUUM0\Usuario,running,430720,0,269,3,0.59375,2.609375,13463552,3649536,0.0
dllhost.exe,8236,684,1537241067.0,DESKTOP-39FUUM0\Usuario,running,621,0,199,11,0.015625,0.078125,9359360,3354624,0.0
nvcontainer.exe,8244,4672,1537228659.0,DESKTOP-39FUUM0\Usuario,running,289551,0,311,12,0.359375,0.59375,21598208,7176192,0.0
chrome.exe,8272,14208,1537239653.0,DESKTOP-39FUUM0\Usuario,running,9141,0,282,17,0.265625,0.09375,29364224,38572032,0.0
chrome.exe,8300,14208,1537228715.0,DESKTOP-39FUUM0\Usuario,running,90003,0,284,17,10.328125,1.28125,55382016,47439872,0.0
conhost.exe,8400,6556,1537241795.0,DESKTOP-39FUUM0\Usuario,running,57,0,120,3,0.015625,0.0,10039296,5603328,0.0
chrome.exe,8448,14208,1537241950.0,DESKTOP-39FUUM0\Usuario,running,7941,0,302,19,1.71875,0.453125,91082752,72597504,0.0
chrome.exe,8784,14208,1537228710.0,DESKTOP-39FUUM0\Usuario,running,698,0,144,2,0.0625,0.015625,8146944,2572288,0.0
chrome.exe,8836,14208,1537239587.0,DESKTOP-39FUUM0\Usuario,running,80129,0,355,19,27.09375,1.03125,61161472,107028480,0.0
Spotify.exe,8920,2900,1537229012.0,DESKTOP-39FUUM0\Usuario,running,283676,0,441,41,93.84375,5.6875,106930176,136183808,0.0
chrome.exe,9088,14208,1537240883.0,DESKTOP-39FUUM0\Usuario,running,3651,0,284,17,0.03125,0.078125,27492352,18579456,0.0
chrome.exe,9264,14208,1537228714.0,DESKTOP-39FUUM0\Usuario,running,139940,0,284,17,18.78125,1.921875,64479232,55951360,0.0
chrome.exe,9616,14208,1537242015.0,DESKTOP-39FUUM0\Usuario,running,15304,0,334,20,4.78125,0.546875,113500160,83382272,0.0
chrome.exe,10164,14208,1537241780.0,DESKTOP-39FUUM0\Usuario,running,2549,0,283,18,0.171875,0.1875,36880384,21913600,0.0
SettingSyncHost.exe,10512,684,1537228687.0,DESKTOP-39FUUM0\Usuario,running,510,0,436,4,1.625,2.828125,3321856,9297920,0.0
NVIDIA Share.exe,10872,15012,1537229100.0,DESKTOP-39FUUM0\Usuario,running,9348,0,403,12,0.28125,0.421875,19562496,10072064,0.0
node.exe,11016,14692,1537241795.0,DESKTOP-39FUUM0\Usuario,running,186505,0,311,12,29.640625,15.453125,52649984,44208128,0.0
conhost.exe,11076,16132,1537228838.0,DESKTOP-39FUUM0\Usuario,running,2733,0,112,2,0.078125,0.0625,294912,5787648,0.0
chrome.exe,11096,14208,1537239650.0,DESKTOP-39FUUM0\Usuario,running,18174,0,283,17,0.265625,0.171875,29851648,42516480,0.0
sihost.exe,11128,1920,1537228659.0,DESKTOP-39FUUM0\Usuario,running,31668,0,655,10,2.9375,4.65625,34607104,10252288,0.0
chrome.exe,11428,14208,1537235465.0,DESKTOP-39FUUM0\Usuario,running,126732,0,342,19,24.96875,2.734375,65785856,46206976,0.0
QtWebEngineProcess.exe,11460,13836,1537241795.0,DESKTOP-39FUUM0\Usuario,running,43866,0,316,15,15.65625,1.25,107950080,58654720,0.0
ONENOTEM.EXE,11612,5904,1537228996.0,DESKTOP-39FUUM0\Usuario,running,997,0,172,2,0.015625,0.125,1949696,2670592,0.0
chrome.exe,11784,14208,1537239652.0,DESKTOP-39FUUM0\Usuario,running,10014,0,283,17,0.390625,0.140625,43622400,42110976,0.0
Spotify.exe,11792,2900,1537228999.0,DESKTOP-39FUUM0\Usuario,running,54215,0,317,30,0.296875,0.1875,13930496,32931840,0.0
chrome.exe,11844,14208,1537241784.0,DESKTOP-39FUUM0\Usuario,running,181533,0,303,18,7.890625,1.1875,51843072,24670208,0.0
RAVCpl64.exe,11984,5904,1537228699.0,DESKTOP-39FUUM0\Usuario,running,2693,0,342,6,0.09375,0.234375,11280384,4460544,0.0
igfxEM.exe,12280,7968,1537228664.0,DESKTOP-39FUUM0\Usuario,running,1051,0,192,3,0.03125,0.09375,10518528,3780608,0.0
SkypeHost.exe,12500,684,1537228684.0,DESKTOP-39FUUM0\Usuario,stopped,3193,0,938,31,4.671875,2.78125,17977344,39022592,0.0
QtWebEngineProcess.exe,12784,13836,1537241976.0,DESKTOP-39FUUM0\Usuario,running,163479,0,250,12,10.25,1.78125,34324480,29233152,0.0
ApntEx.exe,12796,14732,1537228666.0,DESKTOP-39FUUM0\Usuario,running,31497,0,137,2,1.109375,3.859375,6311936,2048000,0.0
chrome.exe,12800,14208,1537241945.0,DESKTOP-39FUUM0\Usuario,running,11542,0,323,20,4.453125,0.59375,123260928,90451968,0.0
RAVBg64.exe,12840,5904,1537228701.0,DESKTOP-39FUUM0\Usuario,running,2878,0,286,4,0.015625,0.09375,10461184,6242304,0.0
chrome.exe,12908,14208,1537239652.0,DESKTOP-39FUUM0\Usuario,running,9439,0,294,17,0.328125,0.078125,30715904,41324544,0.0
py.exe,13588,5904,1537242176.0,DESKTOP-39FUUM0\Usuario,running,240,0,136,5,0.046875,0.015625,6270976,1785856,0.0
PopcornTimeDesktop.exe,13836,10944,1537241793.0,DESKTOP-39FUUM0\Usuario,running,2329039,0,1485,93,50.5625,46.984375,304926720,389550080,0.0
chrome.exe,14208,5904,1537228705.0,DESKTOP-39FUUM0\Usuario,running,19028085,0,3844,41,1091.96875,453.328125,314351616,346238976,0.0
ShellExperienceHost.exe,14532,684,1537228676.0,DESKTOP-39FUUM0\Usuario,running,28682,0,1129,25,4.671875,1.671875,92078080,38559744,0.0
conhost.exe,14552,12796,1537228666.0,DESKTOP-39FUUM0\Usuario,running,457,0,126,3,0.046875,0.0,6111232,6090752,0.0
vmware-tray.exe,14564,13820,1537228997.0,DESKTOP-39FUUM0\Usuario,running,1207,0,190,3,0.03125,0.140625,9330688,2949120,0.0
node.exe,14692,6556,1537241795.0,DESKTOP-39FUUM0\Usuario,running,2813,0,201,9,1.15625,0.21875,25264128,14671872,0.0
RuntimeBroker.exe,14956,684,1537228679.0,DESKTOP-39FUUM0\Usuario,running,12675,0,582,27,1.0625,1.453125,28672000,9494528,0.0
NVIDIA Share.exe,15012,8244,1537229093.0,DESKTOP-39FUUM0\Usuario,running,3374785,0,700,28,4.546875,6.71875,50171904,24309760,0.0
chrome.exe,15312,14208,1537228710.0,DESKTOP-39FUUM0\Usuario,running,3399569,0,887,26,896.046875,234.125,353800192,393613312,0.0
SecHealthUI.exe,15340,684,1537241066.0,DESKTOP-39FUUM0\Usuario,stopped,16706,0,563,28,2.90625,1.78125,62820352,19636224,0.0
chrome.exe,15476,14208,1537241784.0,DESKTOP-39FUUM0\Usuario,running,272469,0,308,18,14.328125,2.265625,55881728,26017792,0.0
chrome.exe,15488,14208,1537241779.0,DESKTOP-39FUUM0\Usuario,running,2046,0,283,18,0.125,0.15625,36151296,21454848,0.0
chrome.exe,15816,14208,1537234275.0,DESKTOP-39FUUM0\Usuario,running,116366,0,284,17,53.9375,4.953125,182816768,199270400,0.0
NVIDIA Web Helper.exe,16132,13100,1537228790.0,DESKTOP-39FUUM0\Usuario,running,97689,0,686,88,6.078125,4.21875,6119424,38232064,0.0
