System Idle Process,0,0,1537023626,NT AUTHORITY\SYSTEM,running,390225055,0,0,8,0,364345.6719,8192,53248,604.8,0
System,4,0,1537023626,NT AUTHORITY\SYSTEM,running,80034285,0,5122,206,0,4943.59375,8486912,221184,57.3,0
hidfind.exe,388,8060,1537228666,DESKTOP-39FUUM0\Usuario,running,345,0,79,1,0,0.03125,5001216,1474560,0,0
chrome.exe,400,14208,1537241988,DESKTOP-39FUUM0\Usuario,running,123699,0,358,23,51.046875,2.15625,246263808,209899520,0,0
nvcontainer.exe,444,4672,1537228659,DESKTOP-39FUUM0\Usuario,running,18751,0,406,24,2.609375,3.015625,20082688,20639744,0,0
chrome.exe,536,14208,1537239652,DESKTOP-39FUUM0\Usuario,running,8752,0,292,17,0.3125,0.171875,30527488,41426944,0,0
chrome.exe,732,14208,1537239651,DESKTOP-39FUUM0\Usuario,running,27507,0,288,18,0.203125,0.1875,32653312,39084032,0,0
OneDrive.exe,964,5904,1537228705,DESKTOP-39FUUM0\Usuario,running,41343,0,771,24,24.15625,30.328125,45613056,96337920,0,0
RuntimeBroker.exe,1084,684,1537228683,DESKTOP-39FUUM0\Usuario,running,16491,0,558,25,2.1875,2.375,28667904,9162752,0,0
LimePro.exe,1504,5904,1537241450,DESKTOP-39FUUM0\Usuario,running,599481,0,773,32,3.640625,6.328125,150421504,131481600,0,0
chrome.exe,2188,14208,1537241962,DESKTOP-39FUUM0\Usuario,running,14754,0,327,19,3.734375,0.625,113217536,82673664,0,0
RuntimeBroker.exe,2532,684,1537228982,DESKTOP-39FUUM0\Usuario,running,272,0,157,3,0.125,0.1875,14909440,4612096,0,0
dllhost.exe,2536,684,1537233537,DESKTOP-39FUUM0\Usuario,running,259,0,195,6,0.109375,0.21875,10780672,3911680,0,0
chrome.exe,2680,14208,1537228715,DESKTOP-39FUUM0\Usuario,running,52539,0,284,18,2.734375,0.53125,39055360,63012864,0,0
ApplicationFrameHost.exe,2880,684,1537232813,DESKTOP-39FUUM0\Usuario,running,9816,0,366,12,0.65625,1.21875,42139648,13201408,0,0
Spotify.exe,2900,4992,1537228995,DESKTOP-39FUUM0\Usuario,running,504888,0,1249,65,11.546875,13.015625,63922176,79147008,0,0
chrome.exe,3772,14208,1537239676,DESKTOP-39FUUM0\Usuario,running,54840,0,375,19,17.890625,1.3125,70787072,116998144,0,0
chrome.exe,3816,14208,1537241705,DESKTOP-39FUUM0\Usuario,running,129881,0,394,23,50.421875,1.953125,117043200,80490496,0,0
SystemSettingsBroker.exe,4276,684,1537239480,DESKTOP-39FUUM0\Usuario,running,11080,0,382,22,0.28125,0.59375,19075072,5775360,0,0
SbieCtrl.exe,4776,5904,1537228707,DESKTOP-39FUUM0\Usuario,running,764679,0,235,6,0.390625,0.75,15781888,4128768,0,0
taskhostw.exe,5048,2156,1537228659,DESKTOP-39FUUM0\Usuario,running,10360,0,314,11,0.4375,1.03125,17272832,7643136,0,0
chrome.exe,5180,14208,1537239650,DESKTOP-39FUUM0\Usuario,running,5903,0,284,17,0.078125,0.125,20533248,19644416,0,0
MSASCuiL.exe,5556,5904,1537228697,DESKTOP-39FUUM0\Usuario,running,1633,0,208,2,0.078125,0.125,12165120,3162112,0,0
python.exe,5664,13588,1537242176,DESKTOP-39FUUM0\Usuario,running,2887,0,167,5,0.21875,3.109375,14823424,8691712,97.7,0
explorer.exe,5904,15516,1537228663,DESKTOP-39FUUM0\Usuario,running,2014955,0,3940,150,67.265625,130.578125,167243776,89882624,0,0
chrome.exe,6036,14208,1537228715,DESKTOP-39FUUM0\Usuario,running,45605,0,278,17,1.015625,0.3125,31690752,27447296,0,0
chrome.exe,6512,14208,1537228708,DESKTOP-39FUUM0\Usuario,running,2046,0,400,7,0.109375,0.140625,7782400,2686976,0,0
cmd.exe,6556,13836,1537241795,DESKTOP-39FUUM0\Usuario,running,21,0,57,1,0,0.015625,3514368,2301952,0,0
svchost.exe,6560,932,1537241204,DESKTOP-39FUUM0\Usuario,running,2807,0,531,24,1.125,0.46875,33144832,9441280,0,0
chrome.exe,6564,14208,1537242016,DESKTOP-39FUUM0\Usuario,running,816,0,277,18,0.09375,0.15625,24883200,15142912,0,0
svchost.exe,6592,932,1537228779,DESKTOP-39FUUM0\Usuario,running,377,0,482,4,0.28125,0.453125,18067456,5910528,0,0
smartscreen.exe,6616,684,1537241067,DESKTOP-39FUUM0\Usuario,running,3211,0,581,17,1.1875,0.640625,33792000,17248256,0,0
chrome.exe,6672,14208,1537240873,DESKTOP-39FUUM0\Usuario,running,329083,0,353,21,106.109375,3.578125,289714176,256602112,0,0
SearchUI.exe,6860,684,1537228679,DESKTOP-39FUUM0\Usuario,stopped,17479,0,1198,47,11.703125,7.875,145293312,90804224,0,0
RuntimeBroker.exe,6876,684,1537228688,DESKTOP-39FUUM0\Usuario,running,44429,0,557,8,9.015625,14.25,32534528,10805248,0,0
svchost.exe,6892,932,1537228659,DESKTOP-39FUUM0\Usuario,running,27313,0,407,13,8.59375,3.421875,22114304,9744384,0,0
chrome.exe,6968,14208,1537241664,DESKTOP-39FUUM0\Usuario,running,20257,0,334,20,5,0.625,125140992,93351936,0,0
RAVBg64.exe,6976,5904,1537228702,DESKTOP-39FUUM0\Usuario,running,2791,0,284,4,0.03125,0.09375,10412032,6246400,0,0
vghd.exe,7120,12108,1537241932,DESKTOP-39FUUM0\Usuario,running,597053,0,619,34,17.421875,17.25,211746816,209866752,48.8,0
AVGUI.exe,7228,15004,1537228747,DESKTOP-39FUUM0\Usuario,running,1353081,0,1500,57,35.984375,30.65625,53190656,26812416,0,0
chrome.exe,7404,14208,1537234159,DESKTOP-39FUUM0\Usuario,running,4638993,0,382,21,1484.890625,40.171875,96759808,330747904,0,0
chrome.exe,7476,14208,1537241772,DESKTOP-39FUUM0\Usuario,running,73057,0,380,26,8.90625,0.984375,83488768,56451072,0,0
conhost.exe,7552,13588,1537242176,DESKTOP-39FUUM0\Usuario,running,1370,0,189,7,0.03125,0.125,14290944,6356992,0,0
chrome.exe,7596,14208,1537239582,DESKTOP-39FUUM0\Usuario,running,15247,0,329,18,3.25,0.3125,52981760,79421440,0,0
Spotify.exe,7600,2900,1537229004,DESKTOP-39FUUM0\Usuario,running,68335,0,512,36,0.78125,1.078125,34697216,93335552,0,0
NVIDIA Share.exe,7656,15012,1537229100,DESKTOP-39FUUM0\Usuario,running,45828,0,317,18,3.671875,0.796875,45260800,55140352,0,0
chrome.exe,7716,14208,1537239647,DESKTOP-39FUUM0\Usuario,running,13053,0,337,18,2.21875,0.34375,48193536,61501440,0,0
chrome.exe,7816,14208,1537241784,DESKTOP-39FUUM0\Usuario,running,2935,0,296,18,0.234375,0.21875,37490688,22863872,0,0
jusched.exe,7908,13820,1537228996,DESKTOP-39FUUM0\Usuario,running,33,0,148,1,0.046875,0.03125,6414336,1699840,0,0
RAVBg64.exe,7920,5904,1537228702,DESKTOP-39FUUM0\Usuario,running,4267,0,285,4,0.046875,0.078125,10457088,6270976,0,0
Apoint.exe,8060,4636,1537228656,DESKTOP-39FUUM0\Usuario,running,430720,0,269,3,0.59375,2.609375,13463552,3649536,0,0
dllhost.exe,8236,684,1537241067,DESKTOP-39FUUM0\Usuario,running,621,0,199,11,0.015625,0.078125,9359360,3354624,0,0
nvcontainer.exe,8244,4672,1537228659,DESKTOP-39FUUM0\Usuario,running,289551,0,311,12,0.359375,0.59375,21598208,7176192,0,0
chrome.exe,8272,14208,1537239653,DESKTOP-39FUUM0\Usuario,running,9141,0,282,17,0.265625,0.09375,29364224,38572032,0,0
chrome.exe,8300,14208,1537228715,DESKTOP-39FUUM0\Usuario,running,90003,0,284,17,10.328125,1.28125,55382016,47439872,0,0
conhost.exe,8400,6556,1537241795,DESKTOP-39FUUM0\Usuario,running,57,0,120,3,0.015625,0,10039296,5603328,0,0
chrome.exe,8448,14208,1537241950,DESKTOP-39FUUM0\Usuario,running,7941,0,302,19,1.71875,0.453125,91082752,72597504,0,0
chrome.exe,8784,14208,1537228710,DESKTOP-39FUUM0\Usuario,running,698,0,144,2,0.0625,0.015625,8146944,2572288,0,0
chrome.exe,8836,14208,1537239587,DESKTOP-39FUUM0\Usuario,running,80129,0,355,19,27.09375,1.03125,61161472,107028480,0,0
Spotify.exe,8920,2900,1537229012,DESKTOP-39FUUM0\Usuario,running,283676,0,441,41,93.84375,5.6875,106930176,136183808,0,0
chrome.exe,9088,14208,1537240883,DESKTOP-39FUUM0\Usuario,running,3651,0,284,17,0.03125,0.078125,27492352,18579456,0,0
chrome.exe,9264,14208,1537228714,DESKTOP-39FUUM0\Usuario,running,139940,0,284,17,18.78125,1.921875,64479232,55951360,0,0
chrome.exe,9616,14208,1537242015,DESKTOP-39FUUM0\Usuario,running,15304,0,334,20,4.78125,0.546875,113500160,83382272,0,0
chrome.exe,10164,14208,1537241780,DESKTOP-39FUUM0\Usuario,running,2549,0,283,18,0.171875,0.1875,36880384,21913600,0,0
SettingSyncHost.exe,10512,684,1537228687,DESKTOP-39FUUM0\Usuario,running,510,0,436,4,1.625,2.828125,3321856,9297920,0,0
NVIDIA Share.exe,10872,15012,1537229100,DESKTOP-39FUUM0\Usuario,running,9348,0,403,12,0.28125,0.421875,19562496,10072064,0,0
node.exe,11016,14692,1537241795,DESKTOP-39FUUM0\Usuario,running,186505,0,311,12,29.640625,15.453125,52649984,44208128,0,0
conhost.exe,11076,16132,1537228838,DESKTOP-39FUUM0\Usuario,running,2733,0,112,2,0.078125,0.0625,294912,5787648,0,0
chrome.exe,11096,14208,1537239650,DESKTOP-39FUUM0\Usuario,running,18174,0,283,17,0.265625,0.171875,29851648,42516480,0,0
sihost.exe,11128,1920,1537228659,DESKTOP-39FUUM0\Usuario,running,31668,0,655,10,2.9375,4.65625,34607104,10252288,0,0
chrome.exe,11428,14208,1537235465,DESKTOP-39FUUM0\Usuario,running,126732,0,342,19,24.96875,2.734375,65785856,46206976,0,0
QtWebEngineProcess.exe,11460,13836,1537241795,DESKTOP-39FUUM0\Usuario,running,43866,0,316,15,15.65625,1.25,107950080,58654720,0,0
ONENOTEM.EXE,11612,5904,1537228996,DESKTOP-39FUUM0\Usuario,running,997,0,172,2,0.015625,0.125,1949696,2670592,0,0
chrome.exe,11784,14208,1537239652,DESKTOP-39FUUM0\Usuario,running,10014,0,283,17,0.390625,0.140625,43622400,42110976,0,0
Spotify.exe,11792,2900,1537228999,DESKTOP-39FUUM0\Usuario,running,54215,0,317,30,0.296875,0.1875,13930496,32931840,0,0
chrome.exe,11844,14208,1537241784,DESKTOP-39FUUM0\Usuario,running,181533,0,303,18,7.890625,1.1875,51843072,24670208,0,0
RAVCpl64.exe,11984,5904,1537228699,DESKTOP-39FUUM0\Usuario,running,2693,0,342,6,0.09375,0.234375,11280384,4460544,0,0
igfxEM.exe,12280,7968,1537228664,DESKTOP-39FUUM0\Usuario,running,1051,0,192,3,0.03125,0.09375,10518528,3780608,0,0
SkypeHost.exe,12500,684,1537228684,DESKTOP-39FUUM0\Usuario,stopped,3193,0,938,31,4.671875,2.78125,17977344,39022592,0,0
QtWebEngineProcess.exe,12784,13836,1537241976,DESKTOP-39FUUM0\Usuario,running,163479,0,250,12,10.25,1.78125,34324480,29233152,0,0
ApntEx.exe,12796,14732,1537228666,DESKTOP-39FUUM0\Usuario,running,31497,0,137,2,1.109375,3.859375,6311936,2048000,0,0
chrome.exe,12800,14208,1537241945,DESKTOP-39FUUM0\Usuario,running,11542,0,323,20,4.453125,0.59375,123260928,90451968,0,0
RAVBg64.exe,12840,5904,1537228701,DESKTOP-39FUUM0\Usuario,running,2878,0,286,4,0.015625,0.09375,10461184,6242304,0,0
chrome.exe,12908,14208,1537239652,DESKTOP-39FUUM0\Usuario,running,9439,0,294,17,0.328125,0.078125,30715904,41324544,0,0
py.exe,13588,5904,1537242176,DESKTOP-39FUUM0\Usuario,running,240,0,136,5,0.046875,0.015625,6270976,1785856,0,0
PopcornTimeDesktop.exe,13836,10944,1537241793,DESKTOP-39FUUM0\Usuario,running,2329039,0,1485,93,50.5625,46.984375,304926720,389550080,0,0
chrome.exe,14208,5904,1537228705,DESKTOP-39FUUM0\Usuario,running,19028085,0,3844,41,1091.96875,453.328125,314351616,346238976,0,0
ShellExperienceHost.exe,14532,684,1537228676,DESKTOP-39FUUM0\Usuario,running,28682,0,1129,25,4.671875,1.671875,92078080,38559744,0,0
conhost.exe,14552,12796,1537228666,DESKTOP-39FUUM0\Usuario,running,457,0,126,3,0.046875,0,6111232,6090752,0,0
vmware-tray.exe,14564,13820,1537228997,DESKTOP-39FUUM0\Usuario,running,1207,0,190,3,0.03125,0.140625,9330688,2949120,0,0
node.exe,14692,6556,1537241795,DESKTOP-39FUUM0\Usuario,running,2813,0,201,9,1.15625,0.21875,25264128,14671872,0,0
RuntimeBroker.exe,14956,684,1537228679,DESKTOP-39FUUM0\Usuario,running,12675,0,582,27,1.0625,1.453125,28672000,9494528,0,0
NVIDIA Share.exe,15012,8244,1537229093,DESKTOP-39FUUM0\Usuario,running,3374785,0,700,28,4.546875,6.71875,50171904,24309760,0,0
chrome.exe,15312,14208,1537228710,DESKTOP-39FUUM0\Usuario,running,3399569,0,887,26,896.046875,234.125,353800192,393613312,0,0
SecHealthUI.exe,15340,684,1537241066,DESKTOP-39FUUM0\Usuario,stopped,16706,0,563,28,2.90625,1.78125,62820352,19636224,0,0
chrome.exe,15476,14208,1537241784,DESKTOP-39FUUM0\Usuario,running,272469,0,308,18,14.328125,2.265625,55881728,26017792,0,0
chrome.exe,15488,14208,1537241779,DESKTOP-39FUUM0\Usuario,running,2046,0,283,18,0.125,0.15625,36151296,21454848,0,0
chrome.exe,15816,14208,1537234275,DESKTOP-39FUUM0\Usuario,running,116366,0,284,17,53.9375,4.953125,182816768,199270400,0,0
NVIDIA Web Helper.exe,16132,13100,1537228790,DESKTOP-39FUUM0\Usuario,running,97689,0,686,88,6.078125,4.21875,6119424,38232064,0,0
System Idle Process,0,0,1537023627,NT AUTHORITY\SYSTEM,running,353716280,0,0,8,0,337641.9531,8192,53248,604.8,1
System,4,0,1537023627,NT AUTHORITY\SYSTEM,running,71794568,0,4687,217,0,4576.484375,8310784,221184,0,1
hidfind.exe,388,8060,1537228666,DESKTOP-39FUUM0\Usuario,running,186,0,79,1,0,0.03125,5087232,1474560,0,1
nvcontainer.exe,444,4672,1537228659,DESKTOP-39FUUM0\Usuario,running,13105,0,406,24,2.4375,2.4375,18403328,20865024,0,1
OneDrive.exe,964,5904,1537228705,DESKTOP-39FUUM0\Usuario,running,41978,0,772,24,24.03125,29.9375,45355008,96284672,0,1
RuntimeBroker.exe,1084,684,1537228683,DESKTOP-39FUUM0\Usuario,running,197,0,282,2,0.453125,0.46875,13914112,5406720,0,1
angularide.exe,1888,5904,1537236304,DESKTOP-39FUUM0\Usuario,running,57383,0,483,38,14.328125,2.03125,24883200,381612032,0,1
RuntimeBroker.exe,2532,684,1537228982,DESKTOP-39FUUM0\Usuario,running,196,0,157,3,0.125,0.1875,15798272,4612096,0,1
dllhost.exe,2536,684,1537233537,DESKTOP-39FUUM0\Usuario,running,408,0,158,4,0.09375,0.15625,9629696,2195456,0,1
chrome.exe,2680,14208,1537228715,DESKTOP-39FUUM0\Usuario,running,37643,0,284,18,1.875,0.3125,38256640,59899904,0,1
conhost.exe,2852,7840,1537237442,DESKTOP-39FUUM0\Usuario,running,45,0,112,3,0.03125,0.015625,10153984,5812224,0,1
ApplicationFrameHost.exe,2880,684,1537232813,DESKTOP-39FUUM0\Usuario,running,48,0,238,1,0.234375,0.34375,20942848,5476352,0,1
Spotify.exe,2900,4992,1537228995,DESKTOP-39FUUM0\Usuario,running,353371,0,1245,64,10.109375,11.34375,66752512,79065088,0,1
SbieCtrl.exe,4776,5904,1537228707,DESKTOP-39FUUM0\Usuario,running,510152,0,228,4,0.203125,0.53125,14495744,4149248,0,1
taskhostw.exe,5048,2156,1537228659,DESKTOP-39FUUM0\Usuario,running,3179,0,305,9,0.21875,0.390625,16777216,6762496,0,1
MSASCuiL.exe,5556,5904,1537228697,DESKTOP-39FUUM0\Usuario,running,313,0,147,1,0.046875,0.078125,8060928,2224128,0,1
angularide.exe,5632,5904,1537236773,DESKTOP-39FUUM0\Usuario,running,260591,0,1102,77,120.140625,54.421875,609239040,650674176,0,1
explorer.exe,5904,15516,1537228663,DESKTOP-39FUUM0\Usuario,running,931808,0,3246,127,27.828125,67.9375,151957504,77697024,0,1
chrome.exe,6036,14208,1537228715,DESKTOP-39FUUM0\Usuario,running,30628,0,278,17,0.671875,0.28125,29171712,25362432,0,1
chrome.exe,6512,14208,1537228708,DESKTOP-39FUUM0\Usuario,running,1260,0,239,7,0.09375,0.09375,7811072,2658304,0,1
svchost.exe,6592,932,1537228779,DESKTOP-39FUUM0\Usuario,running,339,0,483,4,0.28125,0.453125,18108416,5906432,0,1
python.exe,6620,9144,1537237981,DESKTOP-39FUUM0\Usuario,running,270,0,161,2,0.09375,1.625,14594048,8368128,104.2,1
SearchUI.exe,6860,684,1537228679,DESKTOP-39FUUM0\Usuario,stopped,7973,0,1048,37,2.34375,2.359375,77934592,65355776,0,1
RuntimeBroker.exe,6876,684,1537228688,DESKTOP-39FUUM0\Usuario,running,577,0,463,6,1.40625,2.078125,26185728,7528448,0,1
svchost.exe,6892,932,1537228659,DESKTOP-39FUUM0\Usuario,running,16111,0,409,13,3.0625,1.34375,22401024,9637888,0,1
RAVBg64.exe,6976,5904,1537228702,DESKTOP-39FUUM0\Usuario,running,1802,0,284,4,0.03125,0.078125,10084352,6246400,0,1
AVGUI.exe,7228,15004,1537228747,DESKTOP-39FUUM0\Usuario,running,818346,0,1478,59,23.546875,19.21875,51589120,25686016,0,1
chrome.exe,7404,14208,1537234159,DESKTOP-39FUUM0\Usuario,running,3439114,0,408,25,1099.484375,30.265625,339025920,325234688,0,1
chrome.exe,7492,14208,1537237190,DESKTOP-39FUUM0\Usuario,running,7063,0,302,19,1,0.25,71966720,53559296,0,1
Spotify.exe,7600,2900,1537229004,DESKTOP-39FUUM0\Usuario,running,47246,0,513,36,0.75,1.03125,62357504,98942976,0,1
NVIDIA Share.exe,7656,15012,1537229100,DESKTOP-39FUUM0\Usuario,running,32588,0,314,17,3.25,0.640625,53997568,70250496,0,1
node.exe,7840,5632,1537237442,DESKTOP-39FUUM0\Usuario,running,6608,0,138,7,7.953125,2.9375,322801664,319942656,0,1
jusched.exe,7908,13820,1537228996,DESKTOP-39FUUM0\Usuario,running,33,0,148,1,0.046875,0.03125,6520832,1699840,0,1
RAVBg64.exe,7920,5904,1537228702,DESKTOP-39FUUM0\Usuario,running,2802,0,285,4,0.046875,0.078125,10137600,6270976,0,1
Apoint.exe,8060,4636,1537228656,DESKTOP-39FUUM0\Usuario,running,285708,0,269,3,0.40625,1.75,13508608,3649536,0,1
chrome.exe,8080,14208,1537237924,DESKTOP-39FUUM0\Usuario,running,29839,0,359,26,8.15625,0.65625,190304256,159223808,0,1
RuntimeBroker.exe,8152,684,1537237679,DESKTOP-39FUUM0\Usuario,running,263,0,133,4,0.015625,0.078125,8081408,2154496,0,1
nvcontainer.exe,8244,4672,1537228659,DESKTOP-39FUUM0\Usuario,running,197735,0,309,10,0.328125,0.546875,21532672,7110656,0,1
chrome.exe,8300,14208,1537228715,DESKTOP-39FUUM0\Usuario,running,55045,0,284,17,5.359375,0.796875,55595008,58089472,0,1
HxTsr.exe,8492,684,1537237664,DESKTOP-39FUUM0\Usuario,running,1213,0,302,12,0.03125,0.234375,19419136,5730304,0,1
chrome.exe,8784,14208,1537228710,DESKTOP-39FUUM0\Usuario,running,312,0,144,2,0.046875,0.015625,8253440,2572288,0,1
Spotify.exe,8920,2900,1537229012,DESKTOP-39FUUM0\Usuario,running,222462,0,442,41,82.9375,5.359375,100564992,127430656,0,1
py.exe,9144,5904,1537237980,DESKTOP-39FUUM0\Usuario,running,73,0,130,2,0,0.046875,6402048,1802240,0,1
chrome.exe,9264,14208,1537228714,DESKTOP-39FUUM0\Usuario,running,91602,0,284,17,11.875,1.328125,65036288,55164928,0,1
SettingSyncHost.exe,10512,684,1537228687,DESKTOP-39FUUM0\Usuario,running,665,0,460,8,1.421875,2.46875,11747328,9105408,0,1
NVIDIA Share.exe,10872,15012,1537229100,DESKTOP-39FUUM0\Usuario,running,6559,0,403,12,0.25,0.359375,19517440,10076160,0,1
conhost.exe,11076,16132,1537228838,DESKTOP-39FUUM0\Usuario,running,2406,0,112,2,0.078125,0.03125,299008,5787648,0,1
sihost.exe,11128,1920,1537228659,DESKTOP-39FUUM0\Usuario,running,12485,0,613,12,1.6875,3.09375,34623488,10166272,0,1
chrome.exe,11428,14208,1537235465,DESKTOP-39FUUM0\Usuario,running,39420,0,337,18,8.75,1.28125,65683456,43253760,0,1
ONENOTEM.EXE,11612,5904,1537228996,DESKTOP-39FUUM0\Usuario,running,610,0,172,2,0.015625,0.125,1978368,2670592,0,1
conhost.exe,11624,13940,1537237440,DESKTOP-39FUUM0\Usuario,running,20,0,112,3,0,0.03125,10162176,5840896,0,1
Spotify.exe,11792,2900,1537228999,DESKTOP-39FUUM0\Usuario,running,37098,0,317,30,0.296875,0.1875,14041088,32931840,0,1
RAVCpl64.exe,11984,5904,1537228699,DESKTOP-39FUUM0\Usuario,running,1644,0,340,6,0.078125,0.15625,11128832,4460544,0,1
igfxEM.exe,12280,7968,1537228664,DESKTOP-39FUUM0\Usuario,running,532,0,192,3,0.03125,0.0625,10194944,3780608,0,1
chrome.exe,12492,14208,1537237925,DESKTOP-39FUUM0\Usuario,running,362,0,277,18,0.046875,0.09375,24997888,15454208,0,1
SkypeHost.exe,12500,684,1537228684,DESKTOP-39FUUM0\Usuario,stopped,5760,0,984,42,4.4375,2.640625,15572992,33411072,0,1
ApntEx.exe,12796,14732,1537228666,DESKTOP-39FUUM0\Usuario,running,14612,0,137,2,0.65625,2.328125,6385664,2048000,0,1
RAVBg64.exe,12840,5904,1537228701,DESKTOP-39FUUM0\Usuario,running,1821,0,286,4,0.015625,0.046875,10100736,6238208,0,1
svchost.exe,12860,932,1537236496,DESKTOP-39FUUM0\Usuario,running,839,0,421,6,0.375,0.328125,27922432,7249920,0,1
node.exe,13940,5632,1537237439,DESKTOP-39FUUM0\Usuario,running,793,0,136,7,0.453125,0.078125,60469248,57495552,0,1
chrome.exe,14208,5904,1537228705,DESKTOP-39FUUM0\Usuario,running,13351846,0,2315,43,814.546875,344.296875,260161536,290308096,0,1
ShellExperienceHost.exe,14532,684,1537228676,DESKTOP-39FUUM0\Usuario,stopped,12963,0,848,27,2.125,0.921875,59273216,31367168,0,1
conhost.exe,14552,12796,1537228666,DESKTOP-39FUUM0\Usuario,running,299,0,126,3,0.046875,0,6234112,6090752,0,1
vmware-tray.exe,14564,13820,1537228997,DESKTOP-39FUUM0\Usuario,running,745,0,190,3,0.03125,0.140625,9695232,2949120,0,1
eclipse-inst.exe,14664,13616,1537237396,DESKTOP-39FUUM0\Usuario,running,85646,0,1002,49,21.328125,3.546875,347660288,650723328,0,1
smartscreen.exe,14696,684,1537237979,DESKTOP-39FUUM0\Usuario,running,166,0,309,12,0.046875,0.03125,21221376,11902976,0,1
RuntimeBroker.exe,14956,684,1537228679,DESKTOP-39FUUM0\Usuario,running,292,0,327,4,0.625,0.6875,21454848,6676480,0,1
NVIDIA Share.exe,15012,8244,1537229093,DESKTOP-39FUUM0\Usuario,running,2172224,0,705,28,3.734375,5.484375,52744192,23732224,0,1
chrome.exe,15312,14208,1537228710,DESKTOP-39FUUM0\Usuario,running,2534121,0,593,22,738.890625,180.40625,190390272,212062208,0,1
chrome.exe,15816,14208,1537234275,DESKTOP-39FUUM0\Usuario,running,51664,0,287,18,28.296875,2.984375,208572416,212348928,0,1
vmware-unity-helper.exe,16008,16044,1537236103,DESKTOP-39FUUM0\Usuario,running,1527,0,262,4,0,0.109375,15577088,5148672,0,1
vmware.exe,16044,5904,1537236037,DESKTOP-39FUUM0\Usuario,running,140579,0,919,23,12.828125,14.203125,131620864,90664960,0,1
NVIDIA Web Helper.exe,16132,13100,1537228790,DESKTOP-39FUUM0\Usuario,running,64408,0,686,88,5.640625,3.875,2846720,38088704,0,1
conhost.exe,16236,9144,1537237981,DESKTOP-39FUUM0\Usuario,running,608,0,183,4,0.03125,0.046875,14331904,6488064,0,1
chrome.exe,16348,14208,1537237179,DESKTOP-39FUUM0\Usuario,running,11695,0,325,20,3.59375,0.359375,125018112,92917760,0,1