System Idle Process,0,0,1535580296.0,NT AUTHORITY\SYSTEM,running,72734526,0,0,8,0.0,51424.109375,8192,53248,453.6
System,4,0,1535580296.0,NT AUTHORITY\SYSTEM,running,19095221,0,4508,208,0.0,985.6875,1835008,192512,0.0
nvcontainer.exe,844,4976,1535580341.0,DESKTOP-39FUUM0\Usuario,running,11129,0,413,26,2.28125,1.9375,17989632,22462464,0.0
NVIDIA Share.exe,1680,12672,1535580656.0,DESKTOP-39FUUM0\Usuario,running,5440,0,403,10,0.109375,0.21875,19361792,10002432,0.0
svchost.exe,1868,928,1535580342.0,DESKTOP-39FUUM0\Usuario,running,19865,0,414,13,5.796875,1.46875,23826432,10047488,0.0
chrome.exe,2108,8248,1535580392.0,DESKTOP-39FUUM0\Usuario,running,1082,0,232,7,0.015625,0.03125,7401472,2408448,0.0
WinStore.App.exe,3088,436,1535585112.0,DESKTOP-39FUUM0\Usuario,stopped,500,0,556,15,0.140625,0.15625,46374912,19955712,0.0
chrome.exe,3476,8248,1535580395.0,DESKTOP-39FUUM0\Usuario,running,763,0,144,2,0.015625,0.03125,7860224,2289664,0.0
jusched.exe,3776,1872,1535580399.0,DESKTOP-39FUUM0\Usuario,running,21,0,154,1,0.046875,0.03125,6311936,1486848,0.0
nvcontainer.exe,3988,4976,1535580341.0,DESKTOP-39FUUM0\Usuario,running,157806,0,317,10,0.328125,0.296875,20492288,7090176,0.0
chrome.exe,4176,8248,1535587710.0,DESKTOP-39FUUM0\Usuario,running,5672,0,326,20,3.078125,0.25,127541248,94416896,0.0
chrome.exe,4224,8248,1535580399.0,DESKTOP-39FUUM0\Usuario,running,743615,0,590,22,125.34375,50.109375,172949504,161439744,0.0
chrome.exe,5192,8248,1535580401.0,DESKTOP-39FUUM0\Usuario,running,76797,0,284,17,10.421875,0.9375,66564096,58847232,0.0
RuntimeBroker.exe,5676,436,1535580367.0,DESKTOP-39FUUM0\Usuario,running,4420,0,359,6,0.453125,0.4375,25190400,7856128,0.0
chrome.exe,5760,8248,1535580401.0,DESKTOP-39FUUM0\Usuario,running,42704,0,284,17,4.375,0.515625,57896960,54284288,0.0
GameBarPresenceWriter.exe,5792,436,1535583462.0,DESKTOP-39FUUM0\Usuario,running,51,0,96,1,0.0,0.03125,5992448,1589248,0.0
chrome.exe,5844,8248,1535580401.0,DESKTOP-39FUUM0\Usuario,running,22943,0,278,17,0.53125,0.234375,29167616,25075712,0.0
chrome.exe,5876,8248,1535580401.0,DESKTOP-39FUUM0\Usuario,running,30125,0,284,18,2.4375,0.359375,40054784,59994112,0.0
sihost.exe,5916,1456,1535580342.0,DESKTOP-39FUUM0\Usuario,running,15704,0,523,12,1.203125,2.296875,25653248,6492160,0.0
LeagueClientUx.exe,6532,8852,1535583452.0,DESKTOP-39FUUM0\Usuario,running,5102063,0,810,26,165.109375,75.75,44187648,116678656,0.0
SearchUI.exe,6576,436,1535580356.0,DESKTOP-39FUUM0\Usuario,stopped,23622,0,1331,45,6.765625,3.21875,177160192,106393600,0.0
chrome.exe,6604,8248,1535587730.0,DESKTOP-39FUUM0\Usuario,running,412,0,277,18,0.0625,0.078125,25071616,15802368,0.0
chrome.exe,6748,8248,1535587728.0,DESKTOP-39FUUM0\Usuario,running,2441,0,308,19,0.53125,0.265625,76730368,60342272,0.0
Apoint.exe,7140,4988,1535580340.0,DESKTOP-39FUUM0\Usuario,running,604002,0,275,3,3.203125,10.890625,13922304,3366912,0.0
svchost.exe,7180,928,1535580342.0,DESKTOP-39FUUM0\Usuario,running,1428,0,422,6,0.609375,0.71875,29732864,7487488,0.0
taskhostw.exe,7260,1340,1535580342.0,DESKTOP-39FUUM0\Usuario,running,12244,0,323,8,0.375,1.0625,16211968,6627328,0.0
RuntimeBroker.exe,7748,436,1535580356.0,DESKTOP-39FUUM0\Usuario,running,449,0,346,4,0.8125,0.90625,22609920,6615040,0.0
igfxEM.exe,7884,11012,1535580382.0,DESKTOP-39FUUM0\Usuario,running,750,0,201,3,0.046875,0.09375,10272768,3633152,0.0
chrome.exe,7984,8248,1535586097.0,DESKTOP-39FUUM0\Usuario,running,1004042,0,369,22,119.953125,8.90625,273596416,237514752,0.0
explorer.exe,8000,7880,1535580346.0,DESKTOP-39FUUM0\Usuario,running,1803119,0,3624,127,220.546875,94.8125,162136064,81977344,0.0
dllhost.exe,8180,436,1535580446.0,DESKTOP-39FUUM0\Usuario,running,105,0,161,2,0.03125,0.21875,9482240,2240512,0.0
ApntEx.exe,8236,8212,1535580349.0,DESKTOP-39FUUM0\Usuario,running,303835,0,143,2,8.875,32.140625,6160384,1785856,0.0
chrome.exe,8248,8000,1535580383.0,DESKTOP-39FUUM0\Usuario,running,6349909,0,2166,38,305.71875,116.046875,246116352,428765184,0.0
hidfind.exe,8256,7140,1535580349.0,DESKTOP-39FUUM0\Usuario,running,354,0,85,1,0.0,0.0,4583424,1220608,0.0
conhost.exe,8288,8236,1535580349.0,DESKTOP-39FUUM0\Usuario,running,394,0,132,3,0.0,0.0,5869568,5812224,0.0
vmware-tray.exe,8828,1872,1535580400.0,DESKTOP-39FUUM0\Usuario,running,846,0,196,3,0.03125,0.109375,9314304,2715648,0.0
LeagueClient.exe,8852,12756,1535583449.0,DESKTOP-39FUUM0\Usuario,running,1537852,0,1087,49,19.21875,7.046875,65818624,160055296,0.0
ShellExperienceHost.exe,8884,436,1535580354.0,DESKTOP-39FUUM0\Usuario,stopped,13866,0,881,29,2.203125,1.09375,83054592,28884992,0.0
LockApp.exe,9016,436,1535580365.0,DESKTOP-39FUUM0\Usuario,stopped,1585,0,514,15,0.234375,0.15625,37933056,12750848,0.0
RuntimeBroker.exe,9116,436,1535580358.0,DESKTOP-39FUUM0\Usuario,running,6489,0,648,35,0.71875,1.015625,28725248,10264576,0.0
ONENOTEM.EXE,9188,8000,1535580382.0,DESKTOP-39FUUM0\Usuario,running,1156,0,178,2,0.03125,0.046875,1794048,2437120,0.0
SkypeHost.exe,9272,436,1535580358.0,DESKTOP-39FUUM0\Usuario,stopped,2579,0,981,40,2.734375,1.4375,42713088,41308160,0.0
RuntimeBroker.exe,9364,436,1535580359.0,DESKTOP-39FUUM0\Usuario,running,3673,0,555,12,1.859375,3.140625,34533376,11309056,0.0
OfficeHubTaskHost.exe,9392,436,1535580359.0,DESKTOP-39FUUM0\Usuario,stopped,910,0,537,12,0.3125,0.375,21667840,7077888,0.0
NVIDIA Share.exe,9436,12672,1535580656.0,DESKTOP-39FUUM0\Usuario,running,24445,0,317,18,1.46875,0.21875,57249792,57815040,0.0
pythonw.exe,9516,13628,1535587808.0,DESKTOP-39FUUM0\Usuario,running,377,0,176,3,0.375,1.546875,22413312,13647872,104.2
SettingSyncHost.exe,9900,436,1535580361.0,DESKTOP-39FUUM0\Usuario,running,488,0,409,3,0.515625,0.984375,3563520,7458816,0.0
chrome.exe,9976,8248,1535586817.0,DESKTOP-39FUUM0\Usuario,running,112926,0,400,26,66.28125,1.6875,367050752,344539136,0.0
chrome.exe,10060,8248,1535580401.0,DESKTOP-39FUUM0\Usuario,running,104608,0,284,17,41.921875,3.53125,181760000,182472704,0.0
MSASCuiL.exe,10528,8000,1535580371.0,DESKTOP-39FUUM0\Usuario,running,1021,0,153,1,0.015625,0.09375,7876608,2199552,0.0
RAVCpl64.exe,10796,8000,1535580373.0,DESKTOP-39FUUM0\Usuario,running,1347,0,348,6,0.0625,0.109375,11046912,4112384,0.0
RAVBg64.exe,10868,8000,1535580373.0,DESKTOP-39FUUM0\Usuario,running,1370,0,292,4,0.0625,0.0625,10399744,5980160,0.0
RAVBg64.exe,10916,8000,1535580374.0,DESKTOP-39FUUM0\Usuario,running,2520,0,291,4,0.078125,0.140625,10412032,6037504,0.0
RAVBg64.exe,11020,8000,1535580375.0,DESKTOP-39FUUM0\Usuario,running,1745,0,290,4,0.046875,0.140625,10403840,6004736,0.0
OneDrive.exe,11088,8000,1535580377.0,DESKTOP-39FUUM0\Usuario,running,30476,0,794,24,9.828125,13.609375,47861760,93282304,0.0
RuntimeBroker.exe,11132,436,1535580378.0,DESKTOP-39FUUM0\Usuario,running,502,0,192,2,0.03125,0.09375,9449472,2703360,0.0
SbieCtrl.exe,11208,8000,1535580379.0,DESKTOP-39FUUM0\Usuario,running,503953,0,221,4,0.078125,0.125,13262848,3526656,0.0
NVIDIA Web Helper.exe,11288,7420,1535580481.0,DESKTOP-39FUUM0\Usuario,running,54702,0,696,87,2.875,1.8125,12668928,37441536,0.0
DataExchangeHost.exe,11372,436,1535580451.0,DESKTOP-39FUUM0\Usuario,running,147,0,167,1,0.09375,0.15625,13930496,4218880,0.0
RuntimeBroker.exe,11576,436,1535585113.0,DESKTOP-39FUUM0\Usuario,running,122,0,133,2,0.03125,0.0625,7753728,2379776,0.0
RuntimeBroker.exe,11712,436,1535585099.0,DESKTOP-39FUUM0\Usuario,running,1920,0,359,5,0.125,0.3125,24690688,8806400,0.0
AVGUI.exe,11944,11080,1535580415.0,DESKTOP-39FUUM0\Usuario,running,3864408,0,1380,57,4.078125,4.21875,47185920,24727552,0.0
LeagueClientUxRender.exe,12092,6532,1535583460.0,DESKTOP-39FUUM0\Usuario,running,3975312,0,979,173,658.453125,63.984375,247304192,753061888,0.0
rundll32.exe,12188,8000,1535581137.0,DESKTOP-39FUUM0\Usuario,running,35,0,102,1,0.0,0.03125,7061504,2547712,0.0
RuntimeBroker.exe,12616,436,1535580619.0,DESKTOP-39FUUM0\Usuario,running,178,0,149,3,0.203125,0.046875,14598144,4558848,0.0
NVIDIA Share.exe,12672,3988,1535580651.0,DESKTOP-39FUUM0\Usuario,running,2956825,0,699,29,2.296875,3.8125,50962432,23437312,0.0
svchost.exe,12712,928,1535580462.0,DESKTOP-39FUUM0\Usuario,running,1456,0,489,4,0.265625,0.359375,18108416,6012928,0.0
vmware.exe,12864,8000,1535580465.0,DESKTOP-39FUUM0\Usuario,running,125721,0,853,22,8.40625,11.234375,101720064,54030336,0.0
OpenWith.exe,12964,436,1535585154.0,DESKTOP-39FUUM0\Usuario,running,1115,0,359,2,0.109375,0.390625,27856896,8503296,0.0
conhost.exe,13224,11288,1535580518.0,DESKTOP-39FUUM0\Usuario,running,3484,0,112,2,0.015625,0.09375,446464,5779456,0.0
ApplicationFrameHost.exe,13420,436,1535580890.0,DESKTOP-39FUUM0\Usuario,running,585,0,305,2,0.25,0.40625,25460736,13762560,0.0
pythonw.exe,13628,8000,1535583066.0,DESKTOP-39FUUM0\Usuario,running,1072749,0,513,4,17.40625,17.734375,58580992,36618240,0.0
LeagueClientUxRender.exe,13844,6532,1535583454.0,DESKTOP-39FUUM0\Usuario,running,1544876,0,447,12,214.515625,139.671875,32718848,78856192,0.0
PickerHost.exe,14236,436,1535580897.0,DESKTOP-39FUUM0\Usuario,running,122,0,277,1,0.078125,0.078125,19922944,5775360,0.0
cmd.exe,14332,8000,1535585943.0,DESKTOP-39FUUM0\Usuario,running,96,0,43,1,0.015625,0.03125,3252224,2539520,0.0
conhost.exe,14780,14332,1535585943.0,DESKTOP-39FUUM0\Usuario,running,39020,0,236,3,0.328125,0.90625,15814656,6795264,0.0
Microsoft.Photos.exe,14836,436,1535585098.0,DESKTOP-39FUUM0\Usuario,stopped,1205,0,813,19,1.0,0.703125,307200,143228928,0.0
