System Idle Process,0,0,1535580297.0,NT AUTHORITY\SYSTEM,running,68860594,0,0,8,0.0,48916.15625,8192,53248,498.7
System,4,0,1535580297.0,NT AUTHORITY\SYSTEM,running,18640939,0,4406,196,0.0,961.78125,1662976,192512,0.0
nvcontainer.exe,844,4976,1535580341.0,DESKTOP-39FUUM0\Usuario,running,10594,0,413,24,2.265625,1.859375,18681856,23195648,0.0
NVIDIA Share.exe,1680,12672,1535580656.0,DESKTOP-39FUUM0\Usuario,running,5178,0,403,10,0.109375,0.1875,19353600,10002432,0.0
svchost.exe,1868,928,1535580342.0,DESKTOP-39FUUM0\Usuario,running,18874,0,419,15,5.53125,1.421875,24256512,9904128,0.0
chrome.exe,2108,8248,1535580392.0,DESKTOP-39FUUM0\Usuario,running,989,0,225,7,0.015625,0.03125,7401472,2408448,0.0
chrome.exe,2580,8248,1535587422.0,DESKTOP-39FUUM0\Usuario,running,208,0,271,16,0.015625,0.09375,24838144,15523840,0.0
WinStore.App.exe,3088,436,1535585112.0,DESKTOP-39FUUM0\Usuario,stopped,500,0,556,15,0.140625,0.15625,46374912,19955712,0.0
chrome.exe,3476,8248,1535580395.0,DESKTOP-39FUUM0\Usuario,running,731,0,144,2,0.015625,0.03125,7860224,2289664,0.0
jusched.exe,3776,1872,1535580399.0,DESKTOP-39FUUM0\Usuario,running,21,0,154,1,0.046875,0.03125,6311936,1486848,0.0
nvcontainer.exe,3988,4976,1535580341.0,DESKTOP-39FUUM0\Usuario,running,149407,0,317,10,0.3125,0.296875,20492288,7090176,0.0
chrome.exe,4224,8248,1535580399.0,DESKTOP-39FUUM0\Usuario,running,689627,0,587,22,117.171875,46.84375,194265088,187199488,0.0
chrome.exe,5192,8248,1535580401.0,DESKTOP-39FUUM0\Usuario,running,71087,0,284,17,9.71875,0.875,64172032,57249792,0.0
RuntimeBroker.exe,5676,436,1535580367.0,DESKTOP-39FUUM0\Usuario,running,4274,0,357,5,0.421875,0.4375,25157632,7786496,0.0
chrome.exe,5760,8248,1535580401.0,DESKTOP-39FUUM0\Usuario,running,38816,0,284,17,3.984375,0.5,55562240,52002816,0.0
GameBarPresenceWriter.exe,5792,436,1535583462.0,DESKTOP-39FUUM0\Usuario,running,51,0,96,1,0.0,0.03125,5992448,1589248,0.0
chrome.exe,5844,8248,1535580401.0,DESKTOP-39FUUM0\Usuario,running,21433,0,278,17,0.515625,0.234375,28938240,25169920,0.0
chrome.exe,5876,8248,1535580401.0,DESKTOP-39FUUM0\Usuario,running,28400,0,284,18,2.390625,0.34375,38064128,59310080,0.0
sihost.exe,5916,1456,1535580342.0,DESKTOP-39FUUM0\Usuario,running,15278,0,516,10,1.140625,2.21875,25481216,6361088,0.0
LeagueClientUx.exe,6532,8852,1535583452.0,DESKTOP-39FUUM0\Usuario,running,4647392,0,812,27,153.9375,70.765625,44195840,116752384,0.0
SearchUI.exe,6576,436,1535580356.0,DESKTOP-39FUUM0\Usuario,stopped,20490,0,1351,47,6.390625,2.953125,173473792,106463232,0.0
Apoint.exe,7140,4988,1535580340.0,DESKTOP-39FUUM0\Usuario,running,567910,0,275,3,3.015625,10.4375,13877248,3366912,0.0
svchost.exe,7180,928,1535580342.0,DESKTOP-39FUUM0\Usuario,running,1229,0,413,4,0.59375,0.6875,29261824,7299072,0.0
taskhostw.exe,7260,1340,1535580342.0,DESKTOP-39FUUM0\Usuario,running,12073,0,323,8,0.359375,1.046875,16183296,6627328,0.0
RuntimeBroker.exe,7748,436,1535580356.0,DESKTOP-39FUUM0\Usuario,running,436,0,346,4,0.8125,0.90625,22609920,6615040,0.0
igfxEM.exe,7884,11012,1535580382.0,DESKTOP-39FUUM0\Usuario,running,653,0,201,3,0.046875,0.09375,10252288,3633152,0.0
chrome.exe,7984,8248,1535586097.0,DESKTOP-39FUUM0\Usuario,running,843661,0,369,22,95.203125,7.78125,291524608,257646592,0.0
explorer.exe,8000,7880,1535580346.0,DESKTOP-39FUUM0\Usuario,running,1440312,0,3368,129,105.0,75.703125,159621120,81502208,0.0
dllhost.exe,8180,436,1535580446.0,DESKTOP-39FUUM0\Usuario,running,101,0,161,2,0.03125,0.21875,9482240,2240512,0.0
ApntEx.exe,8236,8212,1535580349.0,DESKTOP-39FUUM0\Usuario,running,283828,0,143,2,8.234375,29.890625,6160384,1785856,0.0
chrome.exe,8248,8000,1535580383.0,DESKTOP-39FUUM0\Usuario,running,5990982,0,2162,42,285.515625,107.09375,211218432,410796032,0.0
hidfind.exe,8256,7140,1535580349.0,DESKTOP-39FUUM0\Usuario,running,342,0,85,1,0.0,0.0,4583424,1220608,0.0
conhost.exe,8288,8236,1535580349.0,DESKTOP-39FUUM0\Usuario,running,382,0,132,3,0.0,0.0,5869568,5812224,0.0
vmware-tray.exe,8828,1872,1535580400.0,DESKTOP-39FUUM0\Usuario,running,834,0,196,3,0.03125,0.109375,9314304,2715648,0.0
LeagueClient.exe,8852,12756,1535583449.0,DESKTOP-39FUUM0\Usuario,running,1404855,0,1088,49,18.46875,6.703125,65789952,160055296,0.0
ShellExperienceHost.exe,8884,436,1535580354.0,DESKTOP-39FUUM0\Usuario,stopped,13866,0,881,29,2.203125,1.09375,83054592,28884992,0.0
LockApp.exe,9016,436,1535580365.0,DESKTOP-39FUUM0\Usuario,stopped,1585,0,514,15,0.234375,0.15625,37933056,12750848,0.0
RuntimeBroker.exe,9116,436,1535580358.0,DESKTOP-39FUUM0\Usuario,running,5239,0,513,12,0.546875,0.859375,21958656,8200192,0.0
ONENOTEM.EXE,9188,8000,1535580382.0,DESKTOP-39FUUM0\Usuario,running,1128,0,178,2,0.03125,0.046875,1794048,2437120,0.0
SkypeHost.exe,9272,436,1535580358.0,DESKTOP-39FUUM0\Usuario,stopped,1933,0,985,38,2.734375,1.421875,41603072,41218048,0.0
RuntimeBroker.exe,9364,436,1535580359.0,DESKTOP-39FUUM0\Usuario,running,285,0,510,4,1.578125,2.640625,28696576,9457664,0.0
OfficeHubTaskHost.exe,9392,436,1535580359.0,DESKTOP-39FUUM0\Usuario,stopped,910,0,537,12,0.3125,0.375,21667840,7077888,0.0
NVIDIA Share.exe,9436,12672,1535580656.0,DESKTOP-39FUUM0\Usuario,running,23113,0,314,17,1.4375,0.171875,54996992,57155584,0.0
SettingSyncHost.exe,9900,436,1535580361.0,DESKTOP-39FUUM0\Usuario,running,475,0,409,3,0.515625,0.984375,3436544,7458816,0.0
chrome.exe,9976,8248,1535586817.0,DESKTOP-39FUUM0\Usuario,running,70232,0,398,26,38.953125,1.140625,333594624,304054272,0.0
chrome.exe,10060,8248,1535580401.0,DESKTOP-39FUUM0\Usuario,running,93981,0,287,18,37.03125,2.953125,202014720,211570688,0.0
MSASCuiL.exe,10528,8000,1535580371.0,DESKTOP-39FUUM0\Usuario,running,1006,0,153,1,0.015625,0.09375,7876608,2199552,0.0
RAVCpl64.exe,10796,8000,1535580373.0,DESKTOP-39FUUM0\Usuario,running,1313,0,348,6,0.0625,0.109375,11046912,4112384,0.0
RAVBg64.exe,10868,8000,1535580373.0,DESKTOP-39FUUM0\Usuario,running,1336,0,292,4,0.0625,0.0625,10399744,5980160,0.0
RAVBg64.exe,10916,8000,1535580374.0,DESKTOP-39FUUM0\Usuario,running,2442,0,291,4,0.078125,0.140625,10412032,6037504,0.0
RAVBg64.exe,11020,8000,1535580375.0,DESKTOP-39FUUM0\Usuario,running,1711,0,290,4,0.046875,0.140625,10403840,6004736,0.0
OneDrive.exe,11088,8000,1535580377.0,DESKTOP-39FUUM0\Usuario,running,29748,0,790,23,9.8125,13.328125,43548672,93196288,0.0
RuntimeBroker.exe,11132,436,1535580378.0,DESKTOP-39FUUM0\Usuario,running,494,0,192,2,0.03125,0.09375,9449472,2703360,0.0
SbieCtrl.exe,11208,8000,1535580379.0,DESKTOP-39FUUM0\Usuario,running,474240,0,221,4,0.078125,0.125,13209600,3526656,0.0
NVIDIA Web Helper.exe,11288,7420,1535580481.0,DESKTOP-39FUUM0\Usuario,running,51870,0,691,87,2.796875,1.78125,13676544,42311680,0.0
DataExchangeHost.exe,11372,436,1535580451.0,DESKTOP-39FUUM0\Usuario,running,141,0,167,1,0.09375,0.15625,13930496,4218880,0.0
RuntimeBroker.exe,11576,436,1535585113.0,DESKTOP-39FUUM0\Usuario,running,115,0,133,2,0.03125,0.0625,7753728,2379776,0.0
RuntimeBroker.exe,11712,436,1535585099.0,DESKTOP-39FUUM0\Usuario,running,1847,0,363,5,0.125,0.3125,24682496,8810496,0.0
AVGUI.exe,11944,11080,1535580415.0,DESKTOP-39FUUM0\Usuario,running,3626626,0,1380,57,3.90625,4.03125,47185920,24727552,0.0
LeagueClientUxRender.exe,12092,6532,1535583460.0,DESKTOP-39FUUM0\Usuario,running,3634076,0,979,169,615.4375,59.28125,237518848,757506048,0.0
rundll32.exe,12188,8000,1535581137.0,DESKTOP-39FUUM0\Usuario,running,35,0,102,1,0.0,0.03125,7061504,2547712,0.0
RuntimeBroker.exe,12616,436,1535580619.0,DESKTOP-39FUUM0\Usuario,running,167,0,151,3,0.203125,0.046875,14553088,4542464,0.0
NVIDIA Share.exe,12672,3988,1535580651.0,DESKTOP-39FUUM0\Usuario,running,2776106,0,699,27,2.203125,3.578125,49930240,23404544,0.0
svchost.exe,12712,928,1535580462.0,DESKTOP-39FUUM0\Usuario,running,1455,0,489,4,0.265625,0.359375,18108416,6012928,0.0
pythonw.exe,12816,13628,1535587426.0,DESKTOP-39FUUM0\Usuario,running,1206,0,176,3,0.296875,2.453125,22822912,14045184,0.0
vmware.exe,12864,8000,1535580465.0,DESKTOP-39FUUM0\Usuario,running,101658,0,744,11,6.125,8.203125,92647424,49950720,0.0
OpenWith.exe,12964,436,1535585154.0,DESKTOP-39FUUM0\Usuario,running,1114,0,359,2,0.109375,0.390625,27856896,8503296,0.0
conhost.exe,13224,11288,1535580518.0,DESKTOP-39FUUM0\Usuario,running,3414,0,112,2,0.015625,0.09375,278528,5779456,0.0
ApplicationFrameHost.exe,13420,436,1535580890.0,DESKTOP-39FUUM0\Usuario,running,575,0,305,2,0.25,0.40625,25460736,13762560,0.0
pythonw.exe,13628,8000,1535583066.0,DESKTOP-39FUUM0\Usuario,running,996150,0,515,4,16.8125,17.3125,60071936,36769792,0.0
LeagueClientUxRender.exe,13844,6532,1535583454.0,DESKTOP-39FUUM0\Usuario,running,1410752,0,447,12,200.65625,129.625,32718848,78856192,0.0
PickerHost.exe,14236,436,1535580897.0,DESKTOP-39FUUM0\Usuario,running,122,0,277,1,0.078125,0.078125,19922944,5775360,0.0
cmd.exe,14332,8000,1535585943.0,DESKTOP-39FUUM0\Usuario,running,102,0,43,2,0.015625,0.03125,3272704,3588096,0.0
conhost.exe,14780,14332,1535585943.0,DESKTOP-39FUUM0\Usuario,running,39300,0,240,4,0.328125,0.90625,15831040,6828032,0.0
Microsoft.Photos.exe,14836,436,1535585098.0,DESKTOP-39FUUM0\Usuario,stopped,1205,0,813,19,1.0,0.703125,307200,143228928,0.0
chrome.exe,14988,8248,1535587422.0,DESKTOP-39FUUM0\Usuario,running,8657,0,371,26,3.4375,0.390625,212938752,175185920,0.0
