System Idle Process,0,0,1535580296.0,NT AUTHORITY\SYSTEM,running,65436951,0,0,8,0.0,46426.484375,8192,53248,201.6
System,4,0,1535580296.0,NT AUTHORITY\SYSTEM,running,18143475,0,4484,203,0.0,939.453125,1638400,192512,0.0
nvcontainer.exe,844,4976,1535580341.0,DESKTOP-39FUUM0\Usuario,running,10134,0,413,27,2.265625,1.8125,17932288,22491136,0.0
pythonw.exe,1448,13628,1535587044.0,DESKTOP-39FUUM0\Usuario,running,144,0,176,3,0.140625,0.359375,22315008,13320192,104.2
NVIDIA Share.exe,1680,12672,1535580656.0,DESKTOP-39FUUM0\Usuario,running,4913,0,403,10,0.09375,0.1875,19353600,10002432,0.0
svchost.exe,1868,928,1535580342.0,DESKTOP-39FUUM0\Usuario,running,18117,0,421,15,5.3125,1.359375,24559616,10227712,0.0
chrome.exe,2108,8248,1535580392.0,DESKTOP-39FUUM0\Usuario,running,907,0,239,7,0.015625,0.03125,7401472,2408448,0.0
WinStore.App.exe,3088,436,1535585112.0,DESKTOP-39FUUM0\Usuario,stopped,500,0,556,15,0.140625,0.15625,46374912,19955712,0.0
chrome.exe,3476,8248,1535580395.0,DESKTOP-39FUUM0\Usuario,running,731,0,144,2,0.015625,0.03125,7860224,2289664,0.0
jusched.exe,3776,1872,1535580399.0,DESKTOP-39FUUM0\Usuario,running,21,0,154,1,0.046875,0.03125,6311936,1486848,0.0
nvcontainer.exe,3988,4976,1535580341.0,DESKTOP-39FUUM0\Usuario,running,141057,0,317,10,0.296875,0.28125,20492288,7090176,0.0
chrome.exe,4224,8248,1535580399.0,DESKTOP-39FUUM0\Usuario,running,649895,0,706,24,110.578125,44.015625,433541120,429719552,0.0
chrome.exe,5192,8248,1535580401.0,DESKTOP-39FUUM0\Usuario,running,65894,0,287,18,8.96875,0.8125,62185472,55300096,0.0
RuntimeBroker.exe,5676,436,1535580367.0,DESKTOP-39FUUM0\Usuario,running,4257,0,357,5,0.421875,0.4375,25157632,7786496,0.0
chrome.exe,5760,8248,1535580401.0,DESKTOP-39FUUM0\Usuario,running,35296,0,284,17,3.578125,0.4375,50925568,48570368,0.0
GameBarPresenceWriter.exe,5792,436,1535583462.0,DESKTOP-39FUUM0\Usuario,running,53,0,100,2,0.0,0.03125,6012928,1622016,0.0
chrome.exe,5844,8248,1535580401.0,DESKTOP-39FUUM0\Usuario,running,19955,0,278,17,0.421875,0.234375,28725248,25051136,0.0
chrome.exe,5876,8248,1535580401.0,DESKTOP-39FUUM0\Usuario,running,26709,0,284,18,2.328125,0.328125,37502976,58880000,0.0
sihost.exe,5916,1456,1535580342.0,DESKTOP-39FUUM0\Usuario,running,15190,0,516,10,1.125,2.203125,25382912,6246400,0.0
LeagueClientUx.exe,6532,8852,1535583452.0,DESKTOP-39FUUM0\Usuario,running,4208173,0,812,27,142.953125,66.21875,43307008,116662272,0.0
SearchUI.exe,6576,436,1535580356.0,DESKTOP-39FUUM0\Usuario,stopped,20490,0,1351,47,6.390625,2.953125,173473792,106463232,0.0
Apoint.exe,7140,4988,1535580340.0,DESKTOP-39FUUM0\Usuario,running,527846,0,275,3,2.8125,9.5,13873152,3366912,0.0
svchost.exe,7180,928,1535580342.0,DESKTOP-39FUUM0\Usuario,running,1232,0,417,5,0.59375,0.6875,29282304,7356416,0.0
taskhostw.exe,7260,1340,1535580342.0,DESKTOP-39FUUM0\Usuario,running,12011,0,323,8,0.359375,1.046875,16347136,6791168,0.0
chrome.exe,7320,8248,1535587004.0,DESKTOP-39FUUM0\Usuario,running,3071,0,335,24,0.390625,0.21875,57475072,38039552,0.0
RuntimeBroker.exe,7748,436,1535580356.0,DESKTOP-39FUUM0\Usuario,running,421,0,346,4,0.8125,0.90625,22609920,6615040,0.0
igfxEM.exe,7884,11012,1535580382.0,DESKTOP-39FUUM0\Usuario,running,653,0,201,3,0.046875,0.09375,10252288,3633152,0.0
chrome.exe,7984,8248,1535586097.0,DESKTOP-39FUUM0\Usuario,running,732601,0,369,23,84.296875,6.828125,284467200,247832576,0.0
explorer.exe,8000,7880,1535580346.0,DESKTOP-39FUUM0\Usuario,running,1329342,0,3332,126,88.859375,70.921875,158691328,80326656,0.0
dllhost.exe,8180,436,1535580446.0,DESKTOP-39FUUM0\Usuario,running,252,0,163,4,0.03125,0.21875,9527296,2351104,0.0
ApntEx.exe,8236,8212,1535580349.0,DESKTOP-39FUUM0\Usuario,running,259579,0,143,2,7.625,27.265625,6160384,1785856,0.0
chrome.exe,8248,8000,1535580383.0,DESKTOP-39FUUM0\Usuario,running,5687064,0,2196,41,268.203125,99.421875,202440704,407580672,0.0
hidfind.exe,8256,7140,1535580349.0,DESKTOP-39FUUM0\Usuario,running,342,0,85,1,0.0,0.0,4583424,1220608,0.0
conhost.exe,8288,8236,1535580349.0,DESKTOP-39FUUM0\Usuario,running,382,0,132,3,0.0,0.0,5869568,5812224,0.0
vmware-tray.exe,8828,1872,1535580400.0,DESKTOP-39FUUM0\Usuario,running,758,0,196,3,0.03125,0.109375,9302016,2715648,0.0
LeagueClient.exe,8852,12756,1535583449.0,DESKTOP-39FUUM0\Usuario,running,1274493,0,1094,51,17.640625,6.421875,60215296,160206848,0.0
ShellExperienceHost.exe,8884,436,1535580354.0,DESKTOP-39FUUM0\Usuario,stopped,13866,0,881,29,2.203125,1.09375,83054592,28884992,0.0
LockApp.exe,9016,436,1535580365.0,DESKTOP-39FUUM0\Usuario,stopped,1585,0,514,15,0.234375,0.15625,37933056,12750848,0.0
RuntimeBroker.exe,9116,436,1535580358.0,DESKTOP-39FUUM0\Usuario,running,5113,0,513,12,0.546875,0.859375,21954560,8200192,0.0
ONENOTEM.EXE,9188,8000,1535580382.0,DESKTOP-39FUUM0\Usuario,running,1128,0,178,2,0.03125,0.046875,1794048,2437120,0.0
SkypeHost.exe,9272,436,1535580358.0,DESKTOP-39FUUM0\Usuario,stopped,1933,0,985,38,2.734375,1.421875,41603072,41218048,0.0
chrome.exe,9280,8248,1535587005.0,DESKTOP-39FUUM0\Usuario,running,51842,0,428,28,27.078125,1.25,577802240,473206784,0.0
RuntimeBroker.exe,9364,436,1535580359.0,DESKTOP-39FUUM0\Usuario,running,274,0,510,4,1.578125,2.640625,28696576,9457664,0.0
OfficeHubTaskHost.exe,9392,436,1535580359.0,DESKTOP-39FUUM0\Usuario,stopped,910,0,537,12,0.3125,0.375,21667840,7077888,0.0
NVIDIA Share.exe,9436,12672,1535580656.0,DESKTOP-39FUUM0\Usuario,running,21927,0,314,17,1.4375,0.171875,54636544,57143296,0.0
SettingSyncHost.exe,9900,436,1535580361.0,DESKTOP-39FUUM0\Usuario,running,474,0,409,3,0.515625,0.984375,3973120,7458816,0.0
chrome.exe,9976,8248,1535586817.0,DESKTOP-39FUUM0\Usuario,running,28592,0,371,21,13.296875,0.671875,276910080,251260928,0.0
chrome.exe,10060,8248,1535580401.0,DESKTOP-39FUUM0\Usuario,running,85422,0,296,21,34.28125,2.71875,188018688,197554176,0.0
MSASCuiL.exe,10528,8000,1535580371.0,DESKTOP-39FUUM0\Usuario,running,1006,0,153,1,0.015625,0.09375,7876608,2199552,0.0
RAVCpl64.exe,10796,8000,1535580373.0,DESKTOP-39FUUM0\Usuario,running,1313,0,348,6,0.0625,0.109375,11046912,4112384,0.0
RAVBg64.exe,10868,8000,1535580373.0,DESKTOP-39FUUM0\Usuario,running,1336,0,292,4,0.0625,0.0625,10399744,5980160,0.0
RAVBg64.exe,10916,8000,1535580374.0,DESKTOP-39FUUM0\Usuario,running,2401,0,291,4,0.078125,0.140625,10412032,6037504,0.0
RAVBg64.exe,11020,8000,1535580375.0,DESKTOP-39FUUM0\Usuario,running,1711,0,290,4,0.046875,0.140625,10403840,6004736,0.0
OneDrive.exe,11088,8000,1535580377.0,DESKTOP-39FUUM0\Usuario,running,29579,0,790,23,9.8125,13.328125,43540480,93196288,0.0
RuntimeBroker.exe,11132,436,1535580378.0,DESKTOP-39FUUM0\Usuario,running,487,0,192,2,0.03125,0.09375,9449472,2703360,0.0
SbieCtrl.exe,11208,8000,1535580379.0,DESKTOP-39FUUM0\Usuario,running,446075,0,221,4,0.078125,0.125,13209600,3526656,0.0
NVIDIA Web Helper.exe,11288,7420,1535580481.0,DESKTOP-39FUUM0\Usuario,running,49454,0,691,87,2.734375,1.75,6045696,37855232,0.0
DataExchangeHost.exe,11372,436,1535580451.0,DESKTOP-39FUUM0\Usuario,running,134,0,167,1,0.09375,0.15625,13930496,4218880,0.0
RuntimeBroker.exe,11576,436,1535585113.0,DESKTOP-39FUUM0\Usuario,running,108,0,133,2,0.03125,0.0625,7753728,2379776,0.0
RuntimeBroker.exe,11712,436,1535585099.0,DESKTOP-39FUUM0\Usuario,running,1718,0,363,5,0.125,0.3125,24670208,8794112,0.0
chrome.exe,11740,8248,1535587005.0,DESKTOP-39FUUM0\Usuario,running,354,0,277,18,0.046875,0.09375,25030656,15691776,0.0
AVGUI.exe,11944,11080,1535580415.0,DESKTOP-39FUUM0\Usuario,running,3399601,0,1378,57,3.84375,3.921875,47173632,24723456,0.0
LeagueClientUxRender.exe,12092,6532,1535583460.0,DESKTOP-39FUUM0\Usuario,running,3299848,0,979,170,574.328125,55.484375,231325696,754425856,0.0
rundll32.exe,12188,8000,1535581137.0,DESKTOP-39FUUM0\Usuario,running,35,0,102,1,0.0,0.03125,7061504,2547712,0.0
vmware-unity-helper.exe,12512,12864,1535585511.0,DESKTOP-39FUUM0\Usuario,running,1975,0,261,4,0.0625,0.046875,16154624,5165056,0.0
RuntimeBroker.exe,12616,436,1535580619.0,DESKTOP-39FUUM0\Usuario,running,156,0,151,3,0.203125,0.046875,14553088,4542464,0.0
NVIDIA Share.exe,12672,3988,1535580651.0,DESKTOP-39FUUM0\Usuario,running,2607301,0,701,28,2.171875,3.4375,49917952,23429120,0.0
svchost.exe,12712,928,1535580462.0,DESKTOP-39FUUM0\Usuario,running,1454,0,489,4,0.265625,0.359375,18108416,6012928,0.0
chrome.exe,12776,8248,1535582692.0,DESKTOP-39FUUM0\Usuario,running,26926,0,367,20,7.03125,0.453125,105869312,106479616,0.0
vmware.exe,12864,8000,1535580465.0,DESKTOP-39FUUM0\Usuario,running,98463,0,763,11,5.78125,7.890625,94404608,51744768,0.0
OpenWith.exe,12964,436,1535585154.0,DESKTOP-39FUUM0\Usuario,running,1113,0,359,2,0.109375,0.390625,27856896,8503296,0.0
conhost.exe,13224,11288,1535580518.0,DESKTOP-39FUUM0\Usuario,running,3411,0,112,2,0.015625,0.09375,278528,5779456,0.0
ApplicationFrameHost.exe,13420,436,1535580890.0,DESKTOP-39FUUM0\Usuario,running,575,0,305,2,0.25,0.40625,25460736,13762560,0.0
pythonw.exe,13628,8000,1535583066.0,DESKTOP-39FUUM0\Usuario,running,923125,0,531,9,16.171875,16.953125,60207104,36802560,0.0
LeagueClientUxRender.exe,13844,6532,1535583454.0,DESKTOP-39FUUM0\Usuario,running,1282253,0,447,12,188.078125,121.390625,32702464,78856192,0.0
PickerHost.exe,14236,436,1535580897.0,DESKTOP-39FUUM0\Usuario,running,122,0,277,1,0.078125,0.078125,19922944,5775360,0.0
cmd.exe,14332,8000,1535585943.0,DESKTOP-39FUUM0\Usuario,running,102,0,43,2,0.015625,0.03125,3272704,3588096,0.0
conhost.exe,14780,14332,1535585943.0,DESKTOP-39FUUM0\Usuario,running,39304,0,240,5,0.328125,0.90625,15847424,6856704,0.0
Microsoft.Photos.exe,14836,436,1535585098.0,DESKTOP-39FUUM0\Usuario,stopped,1205,0,813,19,1.0,0.703125,307200,143228928,0.0
